image_name,prediction,siglip_score,siglip_positive,dino_score,dino_positive,crop_score,crop_rescue,yolo_votes,yolo26m,yolo26s,yolo26s_aug
0ceaac62c19eb77b75d3d34475d3615e_07500.jpg,0,0.05850220,0,0.01748695,0,-1.00000000,0,0,0,0,0
0ceaac62c19eb77b75d3d34475d3615e_07580.jpg,0,0.19543457,0,0.03711917,0,-1.00000000,0,0,0,0,0
0ceaac62c19eb77b75d3d34475d3615e_07690.jpg,0,0.00955963,0,0.01898922,0,-1.00000000,0,0,0,0,0
0ceaac62c19eb77b75d3d34475d3615e_07695.jpg,0,0.00948334,0,0.02649842,0,-1.00000000,0,0,0,0,0
0ceaac62c19eb77b75d3d34475d3615e_07700.jpg,0,0.01092529,0,0.01719709,0,-1.00000000,0,0,0,0,0
0ceaac62c19eb77b75d3d34475d3615e_07705.jpg,0,0.02563477,0,0.04329816,0,-1.00000000,0,0,0,0,0
0ceaac62c19eb77b75d3d34475d3615e_07770.jpg,0,0.01829529,0,0.01424252,0,-1.00000000,0,0,0,0,0
0ceaac62c19eb77b75d3d34475d3615e_07785.jpg,0,0.01071167,0,0.02486995,0,-1.00000000,0,0,0,0,0
20250526_firesmoke_00019.jpg,1,0.67333984,1,0.89786941,1,0.99853516,1,3,1,1,1
20250526_firesmoke_00021.jpg,1,0.38989258,1,0.90970558,1,0.96093750,0,3,1,1,1
20250526_firesmoke_00023.jpg,1,0.86865234,1,0.96464056,1,0.98876953,1,3,1,1,1
20250526_firesmoke_00024.jpg,1,0.44555664,1,0.24197252,1,0.85546875,0,3,1,1,1
20250526_firesmoke_00035.jpg,1,0.99853516,1,0.99639255,1,0.99902344,1,3,1,1,1
20250526_firesmoke_00038.jpg,0,0.48632812,1,0.28940317,1,0.10437012,0,0,0,0,0
20250526_firesmoke_00039.jpg,1,0.98242188,1,0.56789541,1,0.99560547,1,3,1,1,1
20250526_firesmoke_00045.jpg,1,0.99902344,1,0.97661078,1,0.99414062,1,3,1,1,1
20250526_firesmoke_00062.jpg,0,0.77050781,1,0.80886954,1,0.40209961,0,0,0,0,0
20250526_firesmoke_00071.jpg,1,0.44653320,1,0.86806178,1,0.76171875,0,3,1,1,1
20250526_firesmoke_00101.jpg,1,0.99609375,1,0.99389595,1,0.99267578,1,3,1,1,1
20250526_firesmoke_00104.jpg,1,0.95800781,1,0.98263401,1,0.99414062,1,3,1,1,1
20250526_firesmoke_00106.jpg,0,0.05355835,0,0.32892817,1,0.11456299,0,2,1,1,0
20250526_firesmoke_00107.jpg,0,0.02600098,0,0.75334567,1,-1.00000000,0,0,0,0,0
20250526_firesmoke_00120.jpg,0,0.01606750,0,0.05505458,0,0.02633667,0,0,0,0,0
20250526_firesmoke_00127.jpg,0,0.00368500,0,0.03684660,0,-1.00000000,0,0,0,0,0
20250526_firesmoke_00141.jpg,0,0.13464355,0,0.23631795,1,0.26635742,0,0,0,0,0
20250526_firesmoke_00175.jpg,0,0.00760651,0,0.00306332,0,-1.00000000,0,0,0,0,0
20250526_firesmoke_00176.jpg,1,0.93798828,1,0.91044253,1,0.99462891,1,3,1,1,1
20250526_firesmoke_00185.jpg,1,0.30395508,1,0.68077904,1,0.88671875,0,3,1,1,1
20250526_firesmoke_00192.jpg,0,0.03698730,0,0.08395331,1,0.10028076,0,0,0,0,0
20250526_firesmoke_00197.jpg,0,0.08251953,0,0.33823532,1,0.02017212,0,0,0,0,0
20250526_firesmoke_00224.jpg,1,0.99121094,1,0.94514382,1,0.98144531,1,3,1,1,1
20250526_firesmoke_00285.jpg,1,0.98779297,1,0.99129969,1,0.99853516,1,3,1,1,1
20250526_firesmoke_00320.jpg,1,0.99707031,1,0.93543106,1,0.99511719,1,3,1,1,1
20250526_firesmoke_00325.jpg,0,0.03094482,0,0.00341783,0,-1.00000000,0,0,0,0,0
20250526_firesmoke_00331.jpg,1,0.95947266,1,0.97709727,1,0.98388672,1,3,1,1,1
20250526_firesmoke_00332.jpg,0,0.02250671,0,0.08710229,1,0.02770996,0,1,1,0,0
20250526_firesmoke_00336.jpg,0,0.30639648,1,0.91975069,1,0.82373047,0,0,0,0,0
20250526_firesmoke_00338.jpg,1,0.72265625,1,0.90218490,1,0.99902344,1,3,1,1,1
20250526_firesmoke_00357.jpg,1,0.96533203,1,0.67652452,1,0.99121094,1,3,1,1,1
20250526_firesmoke_00388.jpg,1,0.71679688,1,0.92766458,1,0.98974609,1,3,1,1,1
20250526_firesmoke_00389.jpg,0,0.19042969,0,0.43252173,1,0.07257080,0,0,0,0,0
20250526_firesmoke_00402.jpg,1,0.98291016,1,0.84626496,1,0.89599609,0,3,1,1,1
20250526_firesmoke_00407.jpg,1,0.96923828,1,0.99961448,1,0.97900391,1,2,1,0,1
20250526_firesmoke_00409.jpg,1,0.97949219,1,0.99828362,1,0.99609375,1,3,1,1,1
20250526_firesmoke_00455.jpg,1,0.44067383,1,0.73009378,1,0.97460938,1,3,1,1,1
20250526_firesmoke_00461.jpg,0,0.00914001,0,0.00159404,0,-1.00000000,0,0,0,0,0
20250526_firesmoke_00471.jpg,1,0.98632812,1,0.98288709,1,0.99658203,1,3,1,1,1
20250526_firesmoke_00536.jpg,1,0.90625000,1,0.83251381,1,0.99853516,1,3,1,1,1
20250526_firesmoke_00578.jpg,1,0.89794922,1,0.92375559,1,0.75439453,0,3,1,1,1
20250526_firesmoke_00595.jpg,0,0.04574585,0,0.03869231,0,0.41430664,0,0,0,0,0
20250526_firesmoke_00606.jpg,1,0.81884766,1,0.85505772,1,0.90673828,0,3,1,1,1
20250526_firesmoke_00608.jpg,1,0.74121094,1,0.56941885,1,0.98730469,1,3,1,1,1
20250526_firesmoke_00615.jpg,1,0.94531250,1,0.94607645,1,0.97363281,1,3,1,1,1
20250526_firesmoke_00640.jpg,1,0.99853516,1,0.98022193,1,0.99560547,1,3,1,1,1
20250526_firesmoke_00644.jpg,1,0.81005859,1,0.95440739,1,0.99218750,1,2,0,1,1
20250526_firesmoke_00645.jpg,1,0.82324219,1,0.66077691,1,0.85107422,0,3,1,1,1
20250526_firesmoke_00736.jpg,1,0.98193359,1,0.99930751,1,0.89794922,0,3,1,1,1
20250526_firesmoke_00800.jpg,1,0.54980469,1,0.69041389,1,0.92724609,0,3,1,1,1
20250526_firesmoke_00805.jpg,1,0.91650391,1,0.29832983,1,0.98779297,1,3,1,1,1
20250526_firesmoke_00843.jpg,1,0.96386719,1,0.99823439,1,0.99804688,1,3,1,1,1
20250526_firesmoke_00844.jpg,1,0.46337891,1,0.78739500,1,0.91064453,0,3,1,1,1
20250526_firesmoke_00845.jpg,1,0.43505859,1,0.59597254,1,0.03976440,0,3,1,1,1
20250526_firesmoke_00856.jpg,1,0.97021484,1,0.43529394,1,0.99804688,1,3,1,1,1
20250526_firesmoke_00953.jpg,0,0.58398438,1,0.10855809,1,-1.00000000,0,0,0,0,0
20250526_firesmoke_00969.jpg,0,0.01348114,0,0.04635792,0,-1.00000000,0,0,0,0,0
20250526_firesmoke_00974.jpg,1,0.86865234,1,0.67256010,1,0.99023438,1,3,1,1,1
20250526_firesmoke_01025.jpg,1,0.82226562,1,0.50819653,1,0.82763672,0,3,1,1,1
20250526_firesmoke_01089.jpg,1,0.79052734,1,0.94077724,1,0.98632812,1,3,1,1,1
20250526_firesmoke_01146.jpg,1,0.91015625,1,0.85943991,1,0.99804688,1,3,1,1,1
20250526_firesmoke_01157.jpg,1,0.55224609,1,0.97985017,1,0.96777344,0,3,1,1,1
20250526_firesmoke_01159.jpg,0,0.22570801,1,0.37016916,1,-1.00000000,0,0,0,0,0
20250526_firesmoke_01189.jpg,1,0.13488770,0,0.17998840,1,0.97314453,1,3,1,1,1
20250526_firesmoke_01190.jpg,1,0.99951172,1,0.94618934,1,0.99560547,1,3,1,1,1
20250526_firesmoke_01199.jpg,0,0.10601807,0,0.15680647,1,-1.00000000,0,0,0,0,0
20250526_firesmoke_01208.jpg,0,0.05981445,0,0.06796055,0,-1.00000000,0,0,0,0,0
20250526_firesmoke_01229.jpg,1,0.98779297,1,0.69600576,1,0.86132812,0,3,1,1,1
20250526_firesmoke_01247.jpg,1,0.99658203,1,0.91787285,1,0.95019531,0,3,1,1,1
20250526_firesmoke_01263.jpg,1,0.61816406,1,0.97706831,1,0.98779297,1,3,1,1,1
20250526_firesmoke_01269.jpg,1,0.95703125,1,0.99789280,1,0.99511719,1,3,1,1,1
20250526_firesmoke_01286.jpg,1,0.98535156,1,0.99653155,1,0.99707031,1,3,1,1,1
20250526_firesmoke_01294.jpg,1,0.99365234,1,0.94969881,1,0.99365234,1,3,1,1,1
20250526_firesmoke_01306.jpg,1,0.75878906,1,0.92458457,1,0.98486328,1,3,1,1,1
20250526_firesmoke_01349.jpg,1,0.67822266,1,0.86749274,1,0.93798828,0,3,1,1,1
20250526_firesmoke_02412.jpg,1,0.98583984,1,0.93351710,1,0.99560547,1,3,1,1,1
20250526_firesmoke_02757.jpg,0,0.04165649,0,0.01965344,0,0.05865479,0,1,0,1,0
20250526_firesmoke_02829.jpg,0,0.00100803,0,0.19136477,1,-1.00000000,0,0,0,0,0
20250526_firesmoke_02831.jpg,0,0.04544067,0,0.05594735,0,-1.00000000,0,0,0,0,0
20250526_firesmoke_02833.jpg,1,0.96044922,1,0.99070835,1,0.99462891,1,3,1,1,1
20250526_firesmoke_03258.jpg,0,0.03424072,0,0.09106408,1,0.34594727,0,1,0,0,1
20250526_firesmoke_03261.jpg,1,0.99755859,1,0.92985421,1,0.99511719,1,3,1,1,1
20260116_fs_sjt_00000.jpg,0,0.00456619,0,0.01981674,0,-1.00000000,0,0,0,0,0
20260116_fs_sjt_00002.jpg,1,0.96289062,1,0.65072614,1,0.99121094,1,3,1,1,1
20260116_fs_sjt_00004.jpg,1,0.96386719,1,0.80993313,1,0.92773438,0,3,1,1,1
20260116_fs_sjt_00007.jpg,1,0.99951172,1,0.72970384,1,0.97265625,1,3,1,1,1
20260116_fs_sjt_00008.jpg,1,0.97802734,1,0.95804197,1,0.99707031,1,3,1,1,1
20260116_fs_sjt_00009.jpg,1,0.41333008,1,0.52028513,1,0.74218750,0,3,1,1,1
20260116_fs_sjt_00011.jpg,1,0.70068359,1,0.83413917,1,0.52539062,0,3,1,1,1
20260116_fs_sjt_00012.jpg,1,0.57275391,1,0.91775447,1,0.36206055,0,2,1,1,0
20260116_fs_sjt_00014.jpg,1,0.82958984,1,0.54015446,1,0.88183594,0,3,1,1,1
20260116_fs_sjt_00016.jpg,1,0.89990234,1,0.67996192,1,0.99707031,1,3,1,1,1
20260116_fs_sjt_00017.jpg,1,0.99218750,1,0.85348356,1,0.98828125,1,3,1,1,1
20260116_fs_sjt_00018.jpg,0,0.02241516,0,0.04703292,0,0.23901367,0,0,0,0,0
20260116_fs_sjt_00020.jpg,1,0.91455078,1,0.44802108,1,0.99755859,1,3,1,1,1
20260116_fs_sjt_00021.jpg,1,0.89746094,1,0.70355952,1,0.99072266,1,3,1,1,1
20260116_fs_sjt_00023.jpg,0,0.08209229,0,0.16265096,1,-1.00000000,0,0,0,0,0
20260116_fs_sjt_00025.jpg,1,1.00000000,1,0.99866927,1,0.99560547,1,3,1,1,1
20260116_fs_sjt_00029.jpg,1,0.33300781,1,0.60443336,1,0.94921875,0,3,1,1,1
20260116_fs_sjt_00031.jpg,1,0.68750000,1,0.98586005,1,0.49169922,0,3,1,1,1
20260116_fs_sjt_00033.jpg,1,1.00000000,1,0.91624922,1,0.99804688,1,3,1,1,1
20260116_fs_sjt_00034.jpg,1,0.51416016,1,0.41099381,1,0.99169922,1,2,1,1,0
20260116_fs_sjt_00039.jpg,1,0.91406250,1,0.92319781,1,0.95068359,0,3,1,1,1
20260116_fs_sjt_00041.jpg,1,0.99072266,1,0.83258021,1,0.98925781,1,3,1,1,1
20260116_fs_sjt_00047.jpg,1,0.65527344,1,0.88608915,1,0.47216797,0,3,1,1,1
20260116_fs_sjt_00049.jpg,1,0.83691406,1,0.74369806,1,0.99511719,1,3,1,1,1
20260116_fs_sjt_00052.jpg,0,0.08526611,0,0.01975930,0,0.46582031,0,1,0,0,1
20260116_fs_sjt_00054.jpg,1,0.99365234,1,0.93599856,1,0.94482422,0,3,1,1,1
20260116_fs_sjt_00057.jpg,0,0.02015686,0,0.01234974,0,0.51464844,0,0,0,0,0
20260116_fs_sjt_00058.jpg,0,0.09582520,0,0.05801913,0,0.08117676,0,0,0,0,0
20260116_fs_sjt_00059.jpg,1,0.70605469,1,0.88631839,1,0.77099609,0,2,1,1,0
20260116_fs_sjt_00064.jpg,1,0.99853516,1,0.98492163,1,0.99951172,1,3,1,1,1
20260116_fs_sjt_00065.jpg,0,0.17565918,0,0.12694901,1,0.53076172,0,1,0,1,0
20260116_fs_sjt_00070.jpg,1,0.99462891,1,0.95301956,1,0.99755859,1,3,1,1,1
20260116_fs_sjt_00071.jpg,0,0.13195801,0,0.03693549,0,0.01293182,0,1,1,0,0
20260116_fs_sjt_00076.jpg,0,0.01588440,0,0.08574768,1,0.66455078,0,1,0,0,1
20260116_fs_sjt_00077.jpg,0,0.01815796,0,0.01069899,0,-1.00000000,0,0,0,0,0
20260116_fs_sjt_00081.jpg,1,0.99316406,1,0.97765344,1,0.99853516,1,3,1,1,1
20260116_fs_sjt_00082.jpg,1,0.22241211,1,0.27020949,1,0.81201172,0,3,1,1,1
20260116_fs_sjt_00085.jpg,1,0.85693359,1,0.81416839,1,0.99902344,1,3,1,1,1
20260116_fs_sjt_00086.jpg,1,0.88330078,1,0.55196178,1,0.99755859,1,3,1,1,1
20260116_fs_sjt_00088.jpg,1,0.97753906,1,0.95497864,1,0.77783203,0,1,0,1,0
20260116_fs_sjt_00089.jpg,1,0.65527344,1,0.63016737,1,0.97412109,1,3,1,1,1
20260116_fs_sjt_00091.jpg,1,0.98583984,1,0.25043145,1,0.98779297,1,3,1,1,1
20260116_fs_sjt_00093.jpg,1,0.90185547,1,0.85001016,1,0.97021484,1,3,1,1,1
20260116_fs_sjt_00097.jpg,1,0.91748047,1,0.92818946,1,0.86669922,0,3,1,1,1
20260116_fs_sjt_00098.jpg,0,0.17517090,0,0.04186223,0,-1.00000000,0,0,0,0,0
20260116_fs_sjt_00101.jpg,1,0.72412109,1,0.91458774,1,0.47802734,0,1,1,0,0
20260116_fs_sjt_00102.jpg,1,0.87939453,1,0.99475205,1,0.93994141,0,3,1,1,1
20260116_fs_sjt_00104.jpg,0,0.00560760,0,0.14051338,1,-1.00000000,0,0,0,0,0
20260116_fs_sjt_00105.jpg,0,0.15173340,0,0.23807618,1,-1.00000000,0,0,0,0,0
20260116_fs_sjt_00109.jpg,0,0.37109375,1,0.49172229,1,0.76904297,0,0,0,0,0
20260116_fs_sjt_00112.jpg,1,0.91796875,1,0.71597356,1,0.67382812,0,1,0,1,0
20260116_fs_sjt_00115.jpg,1,0.67968750,1,0.57594812,1,0.36767578,0,3,1,1,1
20260116_fs_sjt_00119.jpg,1,0.99462891,1,0.92177945,1,0.99169922,1,3,1,1,1
20260116_fs_sjt_00120.jpg,1,0.91699219,1,0.94977170,1,0.26293945,0,2,1,1,0
20260116_fs_sjt_00121.jpg,0,0.02247620,0,0.21785600,1,-1.00000000,0,0,0,0,0
20260116_fs_sjt_00126.jpg,1,0.99951172,1,0.98131496,1,0.99902344,1,3,1,1,1
20260116_fs_sjt_00133.jpg,1,0.92822266,1,0.89475489,1,0.90332031,0,3,1,1,1
20260116_fs_sjt_00134.jpg,0,0.00460052,0,0.01489010,0,0.26538086,0,0,0,0,0
20260116_fs_sjt_00135.jpg,1,0.35156250,1,0.98234391,1,0.97802734,1,1,1,0,0
20260116_fs_sjt_00136.jpg,0,0.04663086,0,0.08635011,1,0.08007812,0,0,0,0,0
20260116_fs_sjt_00139.jpg,1,0.76660156,1,0.96268159,1,0.32641602,0,2,1,0,1
20260116_fs_sjt_00145.jpg,0,0.05957031,0,0.05985479,0,-1.00000000,0,0,0,0,0
20260116_fs_sjt_00146.jpg,1,0.92285156,1,0.73411012,1,0.97705078,1,3,1,1,1
20260116_fs_sjt_00149.jpg,0,0.00107574,0,0.02236508,0,0.01517487,0,0,0,0,0
20260116_fs_sjt_00151.jpg,1,0.99902344,1,0.98281407,1,0.97363281,1,3,1,1,1
20260116_fs_sjt_00152.jpg,0,0.20678711,0,0.03553846,0,-1.00000000,0,0,0,0,0
20260116_fs_sjt_00153.jpg,1,0.99902344,1,0.94547075,1,0.97900391,1,3,1,1,1
20260116_fs_sjt_00155.jpg,1,0.94091797,1,0.62617582,1,0.95996094,0,3,1,1,1
20260116_fs_sjt_00156.jpg,1,0.99121094,1,0.97022074,1,0.91552734,0,3,1,1,1
20260116_fs_sjt_00157.jpg,1,0.99951172,1,0.98876989,1,0.99121094,1,3,1,1,1
20260116_fs_sjt_00159.jpg,1,0.99804688,1,0.26285139,1,0.99316406,1,3,1,1,1
20260116_fs_sjt_00161.jpg,1,0.84326172,1,0.63616765,1,0.98730469,1,3,1,1,1
20260116_fs_sjt_00166.jpg,1,0.72216797,1,0.50060672,1,0.93066406,0,3,1,1,1
20260116_fs_sjt_00167.jpg,1,0.96191406,1,0.86764133,1,0.93115234,0,3,1,1,1
20260116_fs_sjt_00168.jpg,1,0.99804688,1,0.93461794,1,0.99316406,1,3,1,1,1
20260116_fs_sjt_00169.jpg,1,0.22106934,1,0.84204984,1,0.56201172,0,3,1,1,1
20260116_fs_sjt_00171.jpg,1,0.35546875,1,0.21156871,1,0.92578125,0,2,1,1,0
20260116_fs_sjt_00176.jpg,0,0.05245972,0,0.01142584,0,-1.00000000,0,0,0,0,0
20260116_fs_sjt_00178.jpg,1,0.98779297,1,0.99304104,1,0.64550781,0,3,1,1,1
20260116_fs_sjt_00182.jpg,1,0.66503906,1,0.87741989,1,0.99023438,1,3,1,1,1
20260116_fs_sjt_00187.jpg,0,0.02317810,0,0.16012129,1,0.13171387,0,0,0,0,0
20260116_fs_sjt_00188.jpg,1,0.72949219,1,0.97295052,1,0.72998047,0,3,1,1,1
20260116_fs_sjt_00190.jpg,0,0.00837708,0,0.06159147,0,0.19726562,0,0,0,0,0
20260116_fs_sjt_00191.jpg,0,0.26098633,1,0.14142686,1,0.03013611,0,0,0,0,0
20260116_fs_sjt_00192.jpg,1,0.94775391,1,0.80514389,1,0.99755859,1,3,1,1,1
20260116_fs_sjt_00193.jpg,1,0.86523438,1,0.86927652,1,0.79199219,0,3,1,1,1
20260116_fs_sjt_00200.jpg,1,0.94091797,1,0.74114394,1,0.95849609,0,3,1,1,1
20260116_fs_sjt_00204.jpg,0,0.21044922,0,0.59587932,1,0.20007324,0,1,0,1,0
20260116_fs_sjt_00206.jpg,1,0.88916016,1,0.15143217,1,0.99902344,1,3,1,1,1
20260116_fs_sjt_00210.jpg,1,0.77392578,1,0.35286662,1,0.98437500,1,3,1,1,1
20260116_fs_sjt_00211.jpg,0,0.07080078,0,0.11292747,1,0.49853516,0,1,1,0,0
20260116_fs_sjt_00213.jpg,1,0.99414062,1,0.92254514,1,0.91406250,0,3,1,1,1
20260116_fs_sjt_00217.jpg,1,0.99804688,1,0.97254318,1,0.99951172,1,3,1,1,1
20260116_fs_sjt_00219.jpg,0,0.15478516,0,0.66107488,1,0.03591919,0,3,1,1,1
20260116_fs_sjt_00221.jpg,1,0.99951172,1,0.99921012,1,0.95605469,0,3,1,1,1
20260116_fs_sjt_00222.jpg,1,0.27368164,1,0.80154681,1,0.45312500,0,3,1,1,1
20260116_fs_sjt_00224.jpg,1,0.86718750,1,0.89920926,1,0.99462891,1,3,1,1,1
20260116_fs_sjt_00225.jpg,1,0.88232422,1,0.93661630,1,0.96630859,0,3,1,1,1
20260116_fs_sjt_00227.jpg,1,0.25292969,1,0.84188527,1,0.61083984,0,3,1,1,1
20260116_fs_sjt_00228.jpg,1,0.99218750,1,0.98403627,1,0.97998047,1,3,1,1,1
20260116_fs_sjt_00230.jpg,1,0.84521484,1,0.96616989,1,0.81250000,0,3,1,1,1
20260116_fs_sjt_00231.jpg,1,0.95556641,1,0.89360470,1,0.58642578,0,3,1,1,1
20260116_fs_sjt_00236.jpg,1,0.99462891,1,0.99198818,1,0.96630859,0,3,1,1,1
20260116_fs_sjt_00237.jpg,1,0.99804688,1,0.97202516,1,0.92089844,0,3,1,1,1
20260116_fs_sjt_00240.jpg,1,0.99755859,1,0.95350790,1,0.99316406,1,3,1,1,1
20260116_fs_sjt_00241.jpg,1,0.96240234,1,0.87156761,1,0.99853516,1,3,1,1,1
20260116_fs_sjt_00242.jpg,1,0.97753906,1,0.57458669,1,0.93554688,0,3,1,1,1
20260116_fs_sjt_00244.jpg,1,0.94140625,1,0.99477154,1,0.80566406,0,3,1,1,1
20260116_fs_sjt_00247.jpg,1,0.99414062,1,0.90645969,1,0.93994141,0,3,1,1,1
20260116_fs_sjt_00249.jpg,1,0.98046875,1,0.65220505,1,0.99462891,1,3,1,1,1
20260116_fs_sjt_00250.jpg,1,0.95361328,1,0.91459823,1,0.99609375,1,3,1,1,1
20260116_fs_sjt_00252.jpg,1,0.95751953,1,0.97760379,1,0.94433594,0,3,1,1,1
20260116_fs_sjt_00254.jpg,1,0.92919922,1,0.54988623,1,0.21643066,0,2,1,1,0
20260116_fs_sjt_00256.jpg,1,0.59960938,1,0.04940338,0,0.97900391,1,0,0,0,0
20260116_fs_sjt_00258.jpg,1,0.94042969,1,0.81092978,1,0.99707031,1,3,1,1,1
20260116_fs_sjt_00259.jpg,0,0.00638962,0,0.08373627,1,0.10266113,0,3,1,1,1
20260116_fs_sjt_00260.jpg,0,0.03533936,0,0.05606475,0,-1.00000000,0,0,0,0,0
20260116_fs_sjt_00263.jpg,1,0.96142578,1,0.74871159,1,0.97900391,1,3,1,1,1
20260116_fs_sjt_00264.jpg,1,0.96923828,1,0.99537164,1,0.56933594,0,3,1,1,1
20260116_fs_sjt_00267.jpg,1,0.93359375,1,0.92069292,1,0.98583984,1,3,1,1,1
20260116_fs_sjt_00270.jpg,1,0.35205078,1,0.92883211,1,0.99365234,1,3,1,1,1
20260116_fs_sjt_00272.jpg,1,0.99804688,1,0.95031887,1,0.95800781,0,3,1,1,1
20260116_fs_sjt_00275.jpg,1,1.00000000,1,0.95855850,1,0.92333984,0,3,1,1,1
20260116_fs_sjt_00277.jpg,0,0.00154877,0,0.00398678,0,0.36938477,0,2,1,1,0
20260116_fs_sjt_00280.jpg,0,0.02328491,0,0.01409636,0,0.05526733,0,0,0,0,0
20260116_fs_sjt_00282.jpg,0,0.59082031,1,0.83400887,1,0.96972656,0,0,0,0,0
20260116_fs_sjt_00286.jpg,0,0.00741577,0,0.04420175,0,-1.00000000,0,0,0,0,0
20260116_fs_sjt_00288.jpg,1,0.69921875,1,0.87206465,1,0.96826172,0,3,1,1,1
20260116_fs_sjt_00289.jpg,0,0.00187111,0,0.00483464,0,-1.00000000,0,0,0,0,0
20260116_fs_sjt_00291.jpg,0,0.00106049,0,0.08529451,1,-1.00000000,0,0,0,0,0
20260116_fs_sjt_00292.jpg,1,0.53710938,1,0.83398300,1,0.54296875,0,3,1,1,1
20260116_fs_sjt_00293.jpg,1,0.97021484,1,0.96819055,1,0.91650391,0,3,1,1,1
20260116_fs_sjt_00298.jpg,0,0.02880859,0,0.01998455,0,-1.00000000,0,0,0,0,0
20260116_fs_sjt_00300.jpg,0,0.01191711,0,0.01521503,0,0.20239258,0,1,0,0,1
20260116_fs_sjt_00301.jpg,1,0.99121094,1,0.98661566,1,0.95068359,0,3,1,1,1
20260116_fs_sjt_00302.jpg,1,0.65966797,1,0.73612481,1,0.53320312,0,3,1,1,1
20260116_fs_sjt_00304.jpg,0,0.13464355,0,0.09318945,1,0.74316406,0,3,1,1,1
20260116_fs_sjt_00309.jpg,1,0.28247070,1,0.80989301,1,0.30126953,0,2,1,1,0
20260116_fs_sjt_00310.jpg,1,0.96435547,1,0.88502467,1,0.95507812,0,3,1,1,1
20260116_fs_sjt_00312.jpg,0,0.00066280,0,0.01461684,0,0.18859863,0,1,1,0,0
20260116_fs_sjt_00313.jpg,0,0.01290894,0,0.17746834,1,-1.00000000,0,0,0,0,0
20260116_fs_sjt_00314.jpg,1,0.69921875,1,0.68528873,1,0.98632812,1,3,1,1,1
20260116_fs_sjt_00316.jpg,1,0.73779297,1,0.86118698,1,0.68164062,0,3,1,1,1
20260116_fs_sjt_00318.jpg,1,1.00000000,1,0.96576571,1,0.99902344,1,3,1,1,1
20260116_fs_sjt_00320.jpg,1,0.95996094,1,0.98457956,1,0.93017578,0,3,1,1,1
20260116_fs_sjt_00321.jpg,0,0.18237305,0,0.07181880,0,0.04876709,0,0,0,0,0
20260116_fs_sjt_00322.jpg,1,0.90380859,1,0.42943400,1,0.89501953,0,3,1,1,1
20260116_fs_sjt_00323.jpg,1,0.83447266,1,0.87834764,1,0.98730469,1,3,1,1,1
20260116_fs_sjt_00325.jpg,0,0.00247192,0,0.04917447,0,-1.00000000,0,0,0,0,0
20260116_fs_sjt_00332.jpg,1,0.98242188,1,0.90618998,1,0.83740234,0,3,1,1,1
20260116_fs_sjt_00343.jpg,0,0.00229263,0,0.03404275,0,0.21118164,0,3,1,1,1
20260116_fs_sjt_00344.jpg,0,0.19311523,0,0.10669932,1,0.91552734,0,2,1,0,1
20260116_fs_sjt_00346.jpg,1,0.80322266,1,0.95693141,1,0.96289062,0,3,1,1,1
20260116_fs_sjt_00353.jpg,1,0.51904297,1,0.73326045,1,0.30493164,0,3,1,1,1
20260116_fs_sjt_00354.jpg,0,0.01374054,0,0.00655709,0,-1.00000000,0,0,0,0,0
20260116_fs_sjt_00355.jpg,1,0.82519531,1,0.76589030,1,0.96728516,0,3,1,1,1
20260116_fs_sjt_00356.jpg,1,0.99853516,1,0.90128911,1,0.99169922,1,3,1,1,1
20260116_fs_sjt_00358.jpg,1,0.92578125,1,0.84427667,1,0.90917969,0,3,1,1,1
20260116_fs_sjt_00359.jpg,1,1.00000000,1,0.95364439,1,0.99951172,1,3,1,1,1
20260116_fs_sjt_00362.jpg,0,0.17272949,0,0.10969024,1,-1.00000000,0,0,0,0,0
20260116_fs_sjt_00363.jpg,1,0.99414062,1,0.59230012,1,0.99511719,1,3,1,1,1
20260116_fs_sjt_00366.jpg,1,0.30078125,1,0.92516685,1,0.78906250,0,1,1,0,0
20260116_fs_sjt_00368.jpg,1,0.81640625,1,0.72126615,1,0.98193359,1,3,1,1,1
20260116_fs_sjt_00371.jpg,0,0.71533203,1,0.93132848,1,-1.00000000,0,0,0,0,0
20260116_fs_sjt_00372.jpg,1,0.82080078,1,0.45754656,1,0.75927734,0,3,1,1,1
20260116_fs_sjt_00373.jpg,1,0.42309570,1,0.78674835,1,0.50781250,0,3,1,1,1
20260116_fs_sjt_00375.jpg,1,0.85400391,1,0.89955622,1,0.93164062,0,3,1,1,1
20260116_fs_sjt_00376.jpg,1,0.80517578,1,0.34669507,1,0.97949219,1,3,1,1,1
20260116_fs_sjt_00380.jpg,1,0.99902344,1,0.98082733,1,0.96875000,0,3,1,1,1
20260116_fs_sjt_00381.jpg,0,0.07586670,0,0.09646112,1,-1.00000000,0,0,0,0,0
20260116_fs_sjt_00383.jpg,0,0.01549530,0,0.35040325,1,-1.00000000,0,0,0,0,0
20260116_fs_sjt_00384.jpg,1,0.54589844,1,0.93236113,1,0.93359375,0,3,1,1,1
20260116_fs_sjt_00385.jpg,0,0.09271240,0,0.10141385,1,0.21105957,0,1,0,0,1
20260116_fs_sjt_00387.jpg,1,0.60595703,1,0.23219895,1,0.93603516,0,3,1,1,1
20260116_fs_sjt_00388.jpg,1,0.97949219,1,0.97359371,1,0.55273438,0,3,1,1,1
20260116_fs_sjt_00389.jpg,0,0.01312256,0,0.00131364,0,-1.00000000,0,0,0,0,0
20260116_fs_sjt_00392.jpg,0,0.00148964,0,0.00077550,0,-1.00000000,0,0,0,0,0
20260116_fs_sjt_00394.jpg,0,0.02806091,0,0.09676940,1,0.00577545,0,0,0,0,0
20260116_fs_sjt_00401.jpg,1,0.97119141,1,0.96199679,1,0.58251953,0,3,1,1,1
20260116_fs_sjt_00404.jpg,0,0.00538635,0,0.04571314,0,0.06085205,0,0,0,0,0
20260116_fs_sjt_00411.jpg,1,0.99658203,1,0.91691101,1,0.99658203,1,3,1,1,1
20260116_fs_sjt_00412.jpg,0,0.03096008,0,0.05706093,0,0.14807129,0,1,1,0,0
20260116_fs_sjt_00414.jpg,1,0.31054688,1,0.87308121,1,0.74560547,0,3,1,1,1
20260116_fs_sjt_00416.jpg,1,0.83642578,1,0.98702151,1,0.95458984,0,3,1,1,1
20260116_fs_sjt_00418.jpg,1,0.50390625,1,0.50666314,1,0.96679688,0,2,1,0,1
20260116_fs_sjt_00421.jpg,1,0.99658203,1,0.96615845,1,0.98095703,1,3,1,1,1
20260116_fs_sjt_00424.jpg,1,0.98632812,1,0.94120437,1,0.99804688,1,3,1,1,1
20260116_fs_sjt_00425.jpg,0,0.04360962,0,0.09859344,1,-1.00000000,0,0,0,0,0
20260116_fs_sjt_00429.jpg,1,0.93750000,1,0.88582408,1,0.94677734,0,3,1,1,1
20260116_fs_sjt_00430.jpg,0,0.02810669,0,0.02755659,0,0.11218262,0,2,1,1,0
20260116_fs_sjt_00431.jpg,0,0.00302696,0,0.04236407,0,0.72167969,0,1,1,0,0
20260116_fs_sjt_00432.jpg,0,0.49121094,1,0.20691288,1,-1.00000000,0,0,0,0,0
20260116_fs_sjt_00437.jpg,1,0.98925781,1,0.94074655,1,0.99853516,1,3,1,1,1
20260116_fs_sjt_00439.jpg,1,0.98388672,1,0.93792278,1,0.99804688,1,3,1,1,1
20260116_fs_sjt_00440.jpg,0,0.03186035,0,0.29301932,1,0.15209961,0,0,0,0,0
20260116_fs_sjt_00441.jpg,1,0.91015625,1,0.83417821,1,0.98583984,1,3,1,1,1
20260116_fs_sjt_00442.jpg,1,0.99951172,1,0.98781359,1,0.84130859,0,3,1,1,1
20260116_fs_sjt_00445.jpg,1,0.97851562,1,0.95305175,1,0.98095703,1,3,1,1,1
20260116_fs_sjt_00446.jpg,1,0.99804688,1,0.74911797,1,0.54541016,0,3,1,1,1
20260116_fs_sjt_00448.jpg,0,0.03729248,0,0.18383929,1,0.10546875,0,0,0,0,0
20260116_fs_sjt_00449.jpg,0,0.21179199,0,0.25048819,1,0.02210999,0,1,1,0,0
20260116_fs_sjt_00452.jpg,1,0.99951172,1,0.96997124,1,0.99755859,1,3,1,1,1
20260116_fs_sjt_00454.jpg,1,0.81689453,1,0.90667945,1,0.97021484,1,3,1,1,1
20260116_fs_sjt_00459.jpg,1,0.41162109,1,0.45962703,1,0.95703125,0,3,1,1,1
20260116_fs_sjt_00460.jpg,0,0.04025269,0,0.17252538,1,-1.00000000,0,0,0,0,0
20260116_fs_sjt_00461.jpg,1,0.73925781,1,0.90015322,1,0.97851562,1,2,0,1,1
20260116_fs_sjt_00463.jpg,1,1.00000000,1,0.99007225,1,0.99755859,1,3,1,1,1
20260116_fs_sjt_00465.jpg,1,0.89794922,1,0.22460768,1,0.17651367,0,3,1,1,1
20260116_fs_sjt_00466.jpg,1,0.84033203,1,0.53182387,1,0.53125000,0,1,0,1,0
20260116_fs_sjt_00467.jpg,1,0.90917969,1,0.79752803,1,0.71142578,0,3,1,1,1
20260116_fs_sjt_00469.jpg,1,0.95068359,1,0.87644917,1,0.97949219,1,3,1,1,1
20260116_fs_sjt_00473.jpg,1,0.90625000,1,0.91189128,1,0.92236328,0,3,1,1,1
20260116_fs_sjt_00474.jpg,0,0.02090454,0,0.26087925,1,0.86279297,0,0,0,0,0
20260116_fs_sjt_00477.jpg,0,0.03472900,0,0.08997247,1,0.21801758,0,0,0,0,0
20260116_fs_sjt_00479.jpg,1,0.99511719,1,0.96655399,1,0.40258789,0,3,1,1,1
20260116_fs_sjt_00485.jpg,1,0.73632812,1,0.92206550,1,0.40161133,0,3,1,1,1
20260116_fs_sjt_00487.jpg,1,0.97656250,1,0.79906815,1,0.99707031,1,3,1,1,1
20260116_fs_sjt_00490.jpg,1,1.00000000,1,0.98138452,1,0.99951172,1,3,1,1,1
20260116_fs_sjt_00491.jpg,1,0.82763672,1,0.53951579,1,0.93652344,0,3,1,1,1
20260116_fs_sjt_00492.jpg,1,0.65917969,1,0.80278844,1,0.96484375,0,3,1,1,1
20260116_fs_sjt_00499.jpg,1,0.96240234,1,0.96456385,1,0.97412109,1,3,1,1,1
20260116_fs_sjt_00500.jpg,0,0.01226807,0,0.08205263,1,-1.00000000,0,0,0,0,0
20260116_fs_sjt_00501.jpg,0,0.00179958,0,0.01110097,0,-1.00000000,0,0,0,0,0
20260116_fs_sjt_00502.jpg,1,0.30859375,1,0.78415209,1,0.95019531,0,3,1,1,1
20260116_fs_sjt_00503.jpg,1,0.33593750,1,0.16729884,1,0.45947266,0,1,0,1,0
20260116_fs_sjt_00504.jpg,0,0.03225708,0,0.10189946,1,-1.00000000,0,0,0,0,0
20260116_fs_sjt_00505.jpg,0,0.00054121,0,0.03818285,0,-1.00000000,0,0,0,0,0
20260116_fs_sjt_00507.jpg,1,0.73925781,1,0.82793111,1,0.52246094,0,3,1,1,1
20260116_fs_sjt_00513.jpg,0,0.00397491,0,0.02332195,0,-1.00000000,0,0,0,0,0
20260116_fs_sjt_00514.jpg,1,0.62890625,1,0.80762446,1,0.08026123,0,2,1,0,1
20260116_fs_sjt_00515.jpg,0,0.04150391,0,0.41852555,1,0.16101074,0,1,0,0,1
20260116_fs_sjt_00516.jpg,1,0.80419922,1,0.58140677,1,0.99853516,1,3,1,1,1
20260116_fs_sjt_00522.jpg,0,0.00588989,0,0.00664721,0,0.68847656,0,3,1,1,1
20260116_fs_sjt_00523.jpg,1,0.68847656,1,0.37918928,1,0.72558594,0,3,1,1,1
20260116_fs_sjt_00524.jpg,1,0.95947266,1,0.98447961,1,0.94970703,0,3,1,1,1
20260116_fs_sjt_00525.jpg,1,0.99462891,1,0.85433286,1,0.91601562,0,3,1,1,1
20260116_fs_sjt_00531.jpg,1,0.93408203,1,0.60707659,1,0.72802734,0,3,1,1,1
20260116_fs_sjt_00532.jpg,1,0.93457031,1,0.94151765,1,0.94970703,0,3,1,1,1
20260116_fs_sjt_00533.jpg,1,0.93603516,1,0.95491236,1,0.98583984,1,3,1,1,1
20260116_fs_sjt_00534.jpg,0,0.00118828,0,0.00124981,0,-1.00000000,0,0,0,0,0
20260116_fs_sjt_00540.jpg,0,0.59326172,1,0.80560619,1,0.34130859,0,0,0,0,0
20260116_fs_sjt_00541.jpg,0,0.01898193,0,0.04985857,0,0.30053711,0,0,0,0,0
20260116_fs_sjt_00542.jpg,1,0.41674805,1,0.84076226,1,0.30004883,0,2,1,1,0
20260116_fs_sjt_00543.jpg,1,0.81591797,1,0.74212331,1,0.86572266,0,3,1,1,1
20260116_fs_sjt_00549.jpg,0,0.11938477,0,0.00988608,0,-1.00000000,0,0,0,0,0
20260116_fs_sjt_00550.jpg,1,0.39062500,1,0.80606812,1,0.48876953,0,2,1,0,1
20260116_fs_sjt_00551.jpg,0,0.10546875,0,0.11592008,1,0.22790527,0,1,1,0,0
20260116_fs_sjt_00552.jpg,1,0.69677734,1,0.75555444,1,0.88574219,0,3,1,1,1
20260116_fs_sjt_00558.jpg,0,0.01310730,0,0.07639215,0,0.10211182,0,1,1,0,0
20260116_fs_sjt_00559.jpg,1,0.92724609,1,0.76782113,1,0.98828125,1,3,1,1,1
20260116_fs_sjt_00560.jpg,0,0.02879333,0,0.05791327,0,0.39599609,0,3,1,1,1
20260116_fs_sjt_00561.jpg,0,0.13769531,0,0.04039084,0,0.16528320,0,2,1,1,0
20260116_fs_sjt_00567.jpg,0,0.01658630,0,0.07580469,0,-1.00000000,0,0,0,0,0
20260116_fs_sjt_00568.jpg,1,0.61279297,1,0.51260620,1,0.95654297,0,3,1,1,1
20260116_fs_sjt_00569.jpg,0,0.00468063,0,0.00139862,0,0.03244019,0,0,0,0,0
20260116_fs_sjt_00570.jpg,0,0.87451172,1,0.41828483,1,0.12731934,0,0,0,0,0
20260116_fs_sjt_00576.jpg,0,0.00136471,0,0.00129224,0,-1.00000000,0,0,0,0,0
20260116_fs_sjt_00577.jpg,1,0.99902344,1,0.97336334,1,0.87988281,0,3,1,1,1
20260116_fs_sjt_00578.jpg,1,0.99804688,1,0.83420086,1,0.99511719,1,3,1,1,1
20260116_fs_sjt_00579.jpg,1,0.87207031,1,0.65250540,1,0.78857422,0,3,1,1,1
20260116_fs_sjt_00585.jpg,0,0.00021398,0,0.02443617,0,-1.00000000,0,0,0,0,0
20260116_fs_sjt_00586.jpg,1,1.00000000,1,0.98760217,1,0.99560547,1,3,1,1,1
20260116_fs_sjt_00587.jpg,0,0.06494141,0,0.28462622,1,0.64599609,0,2,1,1,0
20260116_fs_sjt_00588.jpg,1,1.00000000,1,0.98939836,1,0.97900391,1,3,1,1,1
20260116_fs_sjt_00594.jpg,1,0.81835938,1,0.92591435,1,0.97363281,1,3,1,1,1
20260116_fs_sjt_00595.jpg,1,0.54150391,1,0.69901705,1,0.66357422,0,3,1,1,1
20260116_fs_sjt_00596.jpg,1,0.64013672,1,0.71419114,1,0.60156250,0,3,1,1,1
20260116_fs_sjt_00597.jpg,1,0.94531250,1,0.87156224,1,0.45410156,0,3,1,1,1
20260116_fs_sjt_00603.jpg,0,0.01386261,0,0.11700428,1,-1.00000000,0,0,0,0,0
20260116_fs_sjt_00604.jpg,1,0.94531250,1,0.95047641,1,0.96533203,0,3,1,1,1
20260116_fs_sjt_00605.jpg,0,0.09698486,0,0.25046855,1,0.01985168,0,0,0,0,0
20260116_fs_sjt_00606.jpg,1,0.44555664,1,0.81964296,1,0.63623047,0,3,1,1,1
20260116_fs_sjt_00612.jpg,1,0.96484375,1,0.84116524,1,0.73437500,0,3,1,1,1
20260116_fs_sjt_00613.jpg,0,0.03588867,0,0.07121412,0,0.09130859,0,0,0,0,0
20260116_fs_sjt_00614.jpg,1,0.26708984,1,0.20542917,1,0.99804688,1,3,1,1,1
20260116_fs_sjt_00615.jpg,1,0.92724609,1,0.99132264,1,0.83593750,0,3,1,1,1
20260116_fs_sjt_00621.jpg,1,0.99169922,1,0.94802791,1,0.99462891,1,3,1,1,1
20260116_fs_sjt_00622.jpg,0,0.01937866,0,0.21891460,1,0.48461914,0,0,0,0,0
20260116_fs_sjt_00623.jpg,1,0.99462891,1,0.97566515,1,0.99169922,1,3,1,1,1
20260116_fs_sjt_00624.jpg,1,1.00000000,1,0.97960871,1,0.99267578,1,3,1,1,1
20260116_fs_sjt_00630.jpg,0,0.02175903,0,0.17709774,1,-1.00000000,0,0,0,0,0
20260116_fs_sjt_00631.jpg,1,0.99609375,1,0.96974766,1,0.99755859,1,3,1,1,1
20260116_fs_sjt_00632.jpg,1,0.49340820,1,0.89040130,1,0.79589844,0,3,1,1,1
20260116_fs_sjt_00633.jpg,1,0.44750977,1,0.93686378,1,0.48779297,0,3,1,1,1
20260116_fs_sjt_00639.jpg,0,0.00390053,0,0.01910132,0,-1.00000000,0,0,0,0,0
20260116_fs_sjt_00640.jpg,1,0.68017578,1,0.92543536,1,0.94531250,0,1,1,0,0
20260116_fs_sjt_00641.jpg,1,0.99609375,1,0.83541024,1,0.99951172,1,3,1,1,1
20260116_fs_sjt_00642.jpg,1,0.60742188,1,0.67987978,1,0.31689453,0,3,1,1,1
20260116_fs_sjt_00648.jpg,0,0.00716400,0,0.03135652,0,-1.00000000,0,0,0,0,0
20260116_fs_sjt_00649.jpg,1,0.55566406,1,0.80985403,1,0.92822266,0,3,1,1,1
20260116_fs_sjt_00650.jpg,1,0.94824219,1,0.76941383,1,0.99316406,1,3,1,1,1
20260116_fs_sjt_00651.jpg,0,0.00184917,0,0.00827380,0,-1.00000000,0,0,0,0,0
20260116_fs_sjt_00657.jpg,1,0.98339844,1,0.98933047,1,0.99169922,1,3,1,1,1
20260116_fs_sjt_00658.jpg,1,0.99951172,1,0.99181598,1,0.99902344,1,3,1,1,1
20260116_fs_sjt_00659.jpg,1,0.69042969,1,0.84057575,1,0.99902344,1,3,1,1,1
20260116_fs_sjt_00660.jpg,1,0.99951172,1,0.99842298,1,0.99267578,1,3,1,1,1
20260116_fs_sjt_00666.jpg,1,0.99609375,1,0.90046370,1,0.86230469,0,3,1,1,1
20260116_fs_sjt_00667.jpg,0,0.05218506,0,0.08847757,1,0.16210938,0,2,1,0,1
20260116_fs_sjt_00668.jpg,1,0.91113281,1,0.96471268,1,0.71435547,0,3,1,1,1
20260116_fs_sjt_00669.jpg,0,0.09918213,0,0.06435209,0,-1.00000000,0,0,0,0,0
20260116_fs_sjt_00675.jpg,0,0.00513077,0,0.01340657,0,0.25170898,0,0,0,0,0
20260116_fs_sjt_00676.jpg,0,0.02294922,0,0.06248815,0,-1.00000000,0,0,0,0,0
20260116_fs_sjt_00677.jpg,1,0.81933594,1,0.59127998,1,0.85546875,0,3,1,1,1
20260116_fs_sjt_00678.jpg,1,0.97412109,1,0.39235833,1,0.91113281,0,3,1,1,1
20260116_fs_sjt_00684.jpg,0,0.02229309,0,0.03018774,0,-1.00000000,0,0,0,0,0
20260116_fs_sjt_00685.jpg,1,0.62304688,1,0.85558641,1,0.90820312,0,3,1,1,1
20260116_fs_sjt_00686.jpg,1,1.00000000,1,0.78725678,1,0.99951172,1,3,1,1,1
20260116_fs_sjt_00687.jpg,1,0.50585938,1,0.46944752,1,0.79882812,0,3,1,1,1
20260116_fs_sjt_00693.jpg,1,0.98339844,1,0.84897059,1,0.99462891,1,3,1,1,1
20260116_fs_sjt_00694.jpg,1,0.97607422,1,0.96987671,1,0.94238281,0,3,1,1,1
20260116_fs_sjt_00695.jpg,1,0.86767578,1,0.97467661,1,0.97900391,1,3,1,1,1
20260116_fs_sjt_00696.jpg,1,0.99853516,1,0.88463724,1,0.99902344,1,3,1,1,1
20260116_fs_sjt_00702.jpg,1,0.78173828,1,0.67820376,1,0.96240234,0,3,1,1,1
20260116_fs_sjt_00703.jpg,0,0.03402710,0,0.02153726,0,-1.00000000,0,0,0,0,0
20260116_fs_sjt_00704.jpg,0,0.05139160,0,0.02083326,0,-1.00000000,0,0,0,0,0
20260116_fs_sjt_00705.jpg,1,0.72216797,1,0.73128122,1,0.97900391,1,3,1,1,1
20260116_fs_sjt_00711.jpg,0,0.01146698,0,0.01125106,0,0.84667969,0,0,0,0,0
20260116_fs_sjt_00712.jpg,1,0.57812500,1,0.94868845,1,0.18725586,0,3,1,1,1
20260116_fs_sjt_00713.jpg,0,0.20837402,0,0.27685645,1,0.95019531,0,3,1,1,1
20260116_fs_sjt_00714.jpg,1,0.93505859,1,0.99649835,1,0.82080078,0,3,1,1,1
20260116_fs_sjt_00720.jpg,1,0.99462891,1,0.93243504,1,0.93359375,0,3,1,1,1
20260116_fs_sjt_00721.jpg,1,0.81250000,1,0.83803707,1,0.74462891,0,3,1,1,1
20260116_fs_sjt_00722.jpg,1,0.97753906,1,0.70504588,1,0.84179688,0,3,1,1,1
20260116_fs_sjt_00723.jpg,0,0.21130371,0,0.49551830,1,0.05639648,0,0,0,0,0
20260116_fs_sjt_00729.jpg,0,0.02293396,0,0.21172166,1,0.07489014,0,0,0,0,0
20260116_fs_sjt_00730.jpg,0,0.00262070,0,0.02387510,0,-1.00000000,0,0,0,0,0
20260116_fs_sjt_00731.jpg,1,0.99121094,1,0.79334712,1,0.99365234,1,2,1,1,0
20260116_fs_sjt_00732.jpg,0,0.00746155,0,0.07118381,0,0.18017578,0,1,1,0,0
20260116_fs_sjt_00738.jpg,1,0.82177734,1,0.81496143,1,0.79003906,0,3,1,1,1
20260116_fs_sjt_00739.jpg,0,0.17736816,0,0.08781939,1,0.77783203,0,3,1,1,1
20260116_fs_sjt_00740.jpg,1,0.27758789,1,0.39415246,1,0.97900391,1,3,1,1,1
20260116_fs_sjt_00741.jpg,1,0.99951172,1,0.94728100,1,0.99902344,1,3,1,1,1
20260116_fs_sjt_00747.jpg,1,0.60791016,1,0.85048038,1,0.99511719,1,3,1,1,1
20260116_fs_sjt_00748.jpg,0,0.15881348,0,0.52778971,1,0.55517578,0,3,1,1,1
20260116_fs_sjt_00749.jpg,0,0.12115479,0,0.01779465,0,0.21252441,0,1,0,1,0
20260116_fs_sjt_00756.jpg,1,0.45874023,1,0.87873387,1,0.97314453,1,3,1,1,1
20260116_fs_sjt_00757.jpg,1,0.91308594,1,0.67269576,1,0.97705078,1,3,1,1,1
20260116_fs_sjt_00758.jpg,1,0.22070312,1,0.35703263,1,0.38867188,0,2,1,1,0
20260116_fs_sjt_00759.jpg,1,0.99414062,1,0.99345934,1,0.99951172,1,3,1,1,1
20260116_fs_sjt_00765.jpg,0,0.07958984,0,0.09533250,1,0.01068115,0,1,0,1,0
20260116_fs_sjt_00766.jpg,1,0.70507812,1,0.36464414,1,0.64892578,0,3,1,1,1
20260116_fs_sjt_00767.jpg,0,0.29565430,1,0.47064972,1,-1.00000000,0,0,0,0,0
20260116_fs_sjt_00768.jpg,0,0.02279663,0,0.07766545,0,0.25854492,0,2,1,1,0
20260116_fs_sjt_00774.jpg,1,0.88330078,1,0.86202985,1,0.89892578,0,3,1,1,1
20260116_fs_sjt_00775.jpg,0,0.04684448,0,0.07095399,0,-1.00000000,0,0,0,0,0
20260116_fs_sjt_00776.jpg,1,0.64355469,1,0.95906985,1,0.70117188,0,3,1,1,1
20260116_fs_sjt_00777.jpg,1,0.91845703,1,0.77030432,1,0.96484375,0,3,1,1,1
20260116_fs_sjt_00784.jpg,0,0.01788330,0,0.03288066,0,-1.00000000,0,0,0,0,0
20260116_fs_sjt_00785.jpg,1,0.66845703,1,0.87089229,1,0.60400391,0,3,1,1,1
20260116_fs_sjt_00786.jpg,0,0.15576172,0,0.49618021,1,0.89599609,0,3,1,1,1
20260116_fs_sjt_00792.jpg,1,0.69042969,1,0.65622413,1,0.34521484,0,3,1,1,1
20260116_fs_sjt_00793.jpg,0,0.78857422,1,0.96616650,1,0.25390625,0,0,0,0,0
20260116_fs_sjt_00794.jpg,0,0.08190918,0,0.08459361,1,0.79882812,0,2,1,1,0
20260116_fs_sjt_00795.jpg,1,0.75585938,1,0.89415860,1,0.98193359,1,3,1,1,1
20260116_fs_sjt_00801.jpg,0,0.14587402,0,0.05729330,0,-1.00000000,0,0,0,0,0
20260116_fs_sjt_00802.jpg,1,0.85546875,1,0.89619470,1,0.88330078,0,3,1,1,1
20260116_fs_sjt_00803.jpg,1,0.99365234,1,0.99572611,1,0.91162109,0,3,1,1,1
20260116_fs_sjt_00804.jpg,1,0.62744141,1,0.88958561,1,0.74316406,0,3,1,1,1
20260116_fs_sjt_00810.jpg,1,0.69970703,1,0.76643521,1,0.92236328,0,3,1,1,1
20260116_fs_sjt_00811.jpg,1,0.99707031,1,0.97209454,1,0.97900391,1,3,1,1,1
20260116_fs_sjt_00812.jpg,0,0.00372124,0,0.00886122,0,0.49731445,0,2,0,1,1
20260116_fs_sjt_00813.jpg,1,0.99316406,1,0.92570281,1,0.99414062,1,3,1,1,1
20260116_fs_sjt_00819.jpg,1,0.37280273,1,0.89943862,1,0.97167969,1,3,1,1,1
20260116_fs_sjt_00820.jpg,1,0.99951172,1,0.99301589,1,0.99804688,1,3,1,1,1
20260116_fs_sjt_00821.jpg,0,0.06033325,0,0.11377674,1,-1.00000000,0,0,0,0,0
20260116_fs_sjt_00822.jpg,1,0.63134766,1,0.91568476,1,0.99169922,1,3,1,1,1
20260116_fs_sjt_00828.jpg,1,0.47412109,1,0.70375192,1,0.99218750,1,3,1,1,1
20260116_fs_sjt_00829.jpg,0,0.03930664,0,0.13842273,1,0.13977051,0,0,0,0,0
20260116_fs_sjt_00830.jpg,1,0.97314453,1,0.77473491,1,0.94238281,0,3,1,1,1
20260116_fs_sjt_00831.jpg,1,0.75537109,1,0.84252739,1,0.98193359,1,3,1,1,1
20260116_fs_sjt_00837.jpg,1,0.74316406,1,0.85904121,1,0.97753906,1,3,1,1,1
20260116_fs_sjt_00838.jpg,1,0.77197266,1,0.29079157,1,0.98242188,1,3,1,1,1
20260116_fs_sjt_00839.jpg,1,0.76074219,1,0.75058562,1,0.95703125,0,3,1,1,1
20260116_fs_sjt_00840.jpg,1,0.60595703,1,0.68400961,1,0.86914062,0,2,1,0,1
20260116_fs_sjt_00846.jpg,1,0.99902344,1,0.96420193,1,0.98095703,1,3,1,1,1
20260116_fs_sjt_00847.jpg,0,0.01144409,0,0.05719837,0,0.10858154,0,0,0,0,0
20260116_fs_sjt_00848.jpg,0,0.10949707,0,0.79948533,1,0.84472656,0,3,1,1,1
20260116_fs_sjt_00849.jpg,1,0.73876953,1,0.81225365,1,0.95117188,0,3,1,1,1
20260116_fs_sjt_00855.jpg,0,0.00638199,0,0.02447379,0,-1.00000000,0,0,0,0,0
20260116_fs_sjt_00856.jpg,0,0.00237846,0,0.01128485,0,-1.00000000,0,0,0,0,0
20260116_fs_sjt_00857.jpg,1,0.62597656,1,0.96369028,1,0.91015625,0,3,1,1,1
20260116_fs_sjt_00858.jpg,1,0.99169922,1,0.87513870,1,0.99951172,1,3,1,1,1
20260116_fs_sjt_00864.jpg,1,0.93164062,1,0.54128993,1,0.98193359,1,3,1,1,1
20260116_fs_sjt_00865.jpg,0,0.19165039,0,0.11854611,1,0.16467285,0,0,0,0,0
20260116_fs_sjt_00866.jpg,0,0.02752686,0,0.04895819,0,0.28271484,0,0,0,0,0
20260116_fs_sjt_00867.jpg,1,0.86425781,1,0.47325200,1,0.97021484,1,3,1,1,1
20260116_fs_sjt_00873.jpg,1,0.99902344,1,0.92048013,1,0.99267578,1,3,1,1,1
20260116_fs_sjt_00874.jpg,1,0.57910156,1,0.98976570,1,0.77001953,0,3,1,1,1
20260116_fs_sjt_00875.jpg,0,0.01162720,0,0.10870281,1,-1.00000000,0,0,0,0,0
20260116_fs_sjt_00876.jpg,1,0.70898438,1,0.92639792,1,0.97949219,1,3,1,1,1
20260116_fs_sjt_00882.jpg,1,0.94677734,1,0.95421541,1,0.99755859,1,3,1,1,1
20260116_fs_sjt_00883.jpg,1,0.82080078,1,0.75627804,1,0.41821289,0,3,1,1,1
20260116_fs_sjt_00884.jpg,1,0.89843750,1,0.71907204,1,0.99511719,1,3,1,1,1
20260116_fs_sjt_00885.jpg,1,0.85351562,1,0.72947401,1,0.93261719,0,3,1,1,1
20260116_fs_sjt_00891.jpg,1,0.89843750,1,0.97891974,1,0.68505859,0,3,1,1,1
20260116_fs_sjt_00892.jpg,1,0.65380859,1,0.81099808,1,0.99609375,1,3,1,1,1
20260116_fs_sjt_00893.jpg,0,0.13916016,0,0.24512807,1,0.18957520,0,3,1,1,1
20260116_fs_sjt_00894.jpg,1,0.78906250,1,0.87262404,1,0.94482422,0,3,1,1,1
20260116_fs_sjt_00900.jpg,1,0.37304688,1,0.47666633,1,0.38989258,0,3,1,1,1
20260116_fs_sjt_00901.jpg,1,0.92675781,1,0.94387501,1,0.99755859,1,3,1,1,1
20260116_fs_sjt_00902.jpg,0,0.00587845,0,0.05036088,0,0.78564453,0,3,1,1,1
20260116_fs_sjt_00903.jpg,1,0.99560547,1,0.98634827,1,0.98876953,1,3,1,1,1
20260116_fs_sjt_00909.jpg,1,0.94677734,1,0.92849982,1,0.79003906,0,2,1,0,1
20260116_fs_sjt_00910.jpg,1,0.93896484,1,0.86725366,1,0.96923828,0,3,1,1,1
20260116_fs_sjt_00911.jpg,1,0.98876953,1,0.97594666,1,0.97167969,1,3,1,1,1
20260116_fs_sjt_00912.jpg,1,0.88037109,1,0.86648488,1,0.82470703,0,2,1,1,0
20260116_fs_sjt_00918.jpg,1,0.99804688,1,0.78569835,1,0.85986328,0,3,1,1,1
20260116_fs_sjt_00919.jpg,1,0.97607422,1,0.68309635,1,0.87500000,0,3,1,1,1
20260116_fs_sjt_00920.jpg,1,0.99755859,1,0.91131264,1,0.99462891,1,3,1,1,1
20260116_fs_sjt_00921.jpg,1,0.89501953,1,0.39633116,1,0.40917969,0,3,1,1,1
20260116_fs_sjt_00927.jpg,1,0.81445312,1,0.86568528,1,0.84521484,0,3,1,1,1
20260116_fs_sjt_00928.jpg,0,0.02258301,0,0.46136290,1,0.63037109,0,0,0,0,0
20260116_fs_sjt_00929.jpg,1,0.94287109,1,0.77918339,1,0.85107422,0,3,1,1,1
20260116_fs_sjt_00930.jpg,1,0.99267578,1,0.98494983,1,0.98730469,1,3,1,1,1
20260116_fs_sjt_00936.jpg,1,0.82031250,1,0.67720449,1,0.95263672,0,2,1,0,1
20260116_fs_sjt_00937.jpg,1,0.86669922,1,0.95101827,1,0.96191406,0,3,1,1,1
20260116_fs_sjt_00938.jpg,1,0.76269531,1,0.49846816,1,0.23986816,0,3,1,1,1
20260116_fs_sjt_00939.jpg,0,0.02185059,0,0.05847080,0,0.01960754,0,0,0,0,0
20260116_fs_sjt_00945.jpg,0,0.04962158,0,0.09192596,1,0.10699463,0,1,0,1,0
20260116_fs_sjt_00946.jpg,0,0.05871582,0,0.01870510,0,-1.00000000,0,0,0,0,0
20260116_fs_sjt_00947.jpg,1,0.99462891,1,0.93226862,1,0.66064453,0,3,1,1,1
20260116_fs_sjt_00948.jpg,1,0.64111328,1,0.64908636,1,0.98730469,1,3,1,1,1
20260116_fs_sjt_00954.jpg,1,0.89404297,1,0.88683343,1,0.99755859,1,3,1,1,1
20260116_fs_sjt_00955.jpg,0,0.03854370,0,0.01629416,0,0.10943604,0,0,0,0,0
20260116_fs_sjt_00956.jpg,1,0.98291016,1,0.70107800,1,0.99658203,1,3,1,1,1
20260116_fs_sjt_00957.jpg,1,0.97363281,1,0.97740752,1,0.99755859,1,3,1,1,1
20260116_fs_sjt_00963.jpg,1,0.97900391,1,0.71650362,1,0.99365234,1,3,1,1,1
20260116_fs_sjt_00964.jpg,0,0.00612259,0,0.00350367,0,-1.00000000,0,0,0,0,0
20260116_fs_sjt_00965.jpg,1,0.99902344,1,0.96956956,1,0.94726562,0,3,1,1,1
20260116_fs_sjt_00966.jpg,1,0.96679688,1,0.97722286,1,0.90087891,0,3,1,1,1
20260116_fs_sjt_00972.jpg,1,0.96484375,1,0.96737969,1,0.92822266,0,3,1,1,1
20260116_fs_sjt_00973.jpg,1,0.93994141,1,0.97051877,1,0.94531250,0,3,1,1,1
20260116_fs_sjt_00974.jpg,0,0.01470184,0,0.00817277,0,-1.00000000,0,0,0,0,0
20260116_fs_sjt_00975.jpg,1,0.59326172,1,0.98882186,1,0.60205078,0,2,1,1,0
20260116_fs_sjt_00981.jpg,1,0.96533203,1,0.89263195,1,0.98925781,1,3,1,1,1
20260116_fs_sjt_00982.jpg,1,0.99951172,1,0.96800572,1,0.95947266,0,3,1,1,1
20260116_fs_sjt_00983.jpg,0,0.00313568,0,0.00475196,0,-1.00000000,0,0,0,0,0
20260116_fs_sjt_00984.jpg,1,0.96289062,1,0.80453861,1,0.99951172,1,3,1,1,1
20260116_fs_sjt_00990.jpg,1,0.88671875,1,0.93058264,1,0.72949219,0,3,1,1,1
20260116_fs_sjt_00991.jpg,0,0.00450516,0,0.03587588,0,-1.00000000,0,0,0,0,0
20260116_fs_sjt_00992.jpg,1,0.96972656,1,0.91307968,1,0.90527344,0,3,1,1,1
20260116_fs_sjt_00993.jpg,1,0.99023438,1,0.89484203,1,0.99658203,1,3,1,1,1
20260116_fs_sjt_00999.jpg,0,0.19201660,0,0.88188070,1,0.59179688,0,3,1,1,1
20260116_fs_sjt_01000.jpg,0,0.00338936,0,0.09625251,1,0.02001953,0,0,0,0,0
20260116_fs_sjt_01001.jpg,0,0.00209045,0,0.10855003,1,0.06945801,0,0,0,0,0
20260116_fs_sjt_01002.jpg,1,0.87109375,1,0.64609665,1,0.84375000,0,1,0,1,0
20260116_fs_sjt_01008.jpg,1,0.99560547,1,0.99582422,1,0.99755859,1,3,1,1,1
20260116_fs_sjt_01009.jpg,1,0.74755859,1,0.80383700,1,0.95263672,0,3,1,1,1
20260116_fs_sjt_01010.jpg,0,0.01099396,0,0.00820782,0,0.15197754,0,0,0,0,0
20260116_fs_sjt_01011.jpg,1,0.96142578,1,0.98269260,1,0.99218750,1,3,1,1,1
20260116_fs_sjt_01017.jpg,1,0.88818359,1,0.97807914,1,0.65917969,0,3,1,1,1
20260116_fs_sjt_01018.jpg,1,0.98437500,1,0.98920059,1,0.95458984,0,3,1,1,1
20260116_fs_sjt_01019.jpg,0,0.20227051,0,0.22849865,1,-1.00000000,0,0,0,0,0
20260116_fs_sjt_01020.jpg,1,0.99755859,1,0.77517390,1,0.94824219,0,3,1,1,1
20260116_fs_sjt_01026.jpg,1,0.70751953,1,0.75292712,1,0.95068359,0,3,1,1,1
20260116_fs_sjt_01027.jpg,0,0.00508118,0,0.01645049,0,-1.00000000,0,0,0,0,0
20260116_fs_sjt_01028.jpg,1,0.55126953,1,0.79728132,1,0.92919922,0,3,1,1,1
20260116_fs_sjt_01029.jpg,1,0.99218750,1,0.55551791,1,0.99560547,1,3,1,1,1
20260116_fs_sjt_01035.jpg,1,0.87304688,1,0.77996945,1,0.97900391,1,3,1,1,1
20260116_fs_sjt_01036.jpg,1,0.28930664,1,0.33481738,1,0.81201172,0,3,1,1,1
20260116_fs_sjt_01037.jpg,1,0.95214844,1,0.91622353,1,0.94335938,0,3,1,1,1
20260116_fs_sjt_01038.jpg,1,0.99951172,1,0.99569738,1,0.99560547,1,3,1,1,1
20260116_fs_sjt_01044.jpg,0,0.09149170,0,0.16006930,1,-1.00000000,0,0,0,0,0
20260116_fs_sjt_01045.jpg,1,0.99316406,1,0.91052467,1,0.83251953,0,3,1,1,1
20260116_fs_sjt_01046.jpg,1,0.98193359,1,0.71404123,1,0.98632812,1,3,1,1,1
20260116_fs_sjt_01047.jpg,0,0.03619385,0,0.05600054,0,0.09857178,0,1,1,0,0
20260116_fs_sjt_01053.jpg,1,0.99755859,1,0.96022034,1,0.99316406,1,3,1,1,1
20260116_fs_sjt_01054.jpg,1,0.57226562,1,0.61299521,1,0.98828125,1,3,1,1,1
20260116_fs_sjt_01055.jpg,1,0.98974609,1,0.85812604,1,0.71484375,0,3,1,1,1
20260116_fs_sjt_01056.jpg,1,0.99658203,1,0.91596770,1,0.99658203,1,3,1,1,1
20260116_fs_sjt_01062.jpg,1,0.98486328,1,0.38646349,1,0.99902344,1,3,1,1,1
20260116_fs_sjt_01063.jpg,1,0.93945312,1,0.70051461,1,0.66455078,0,3,1,1,1
20260116_fs_sjt_01064.jpg,1,0.80468750,1,0.46576959,1,0.86718750,0,3,1,1,1
20260116_fs_sjt_01065.jpg,1,0.65966797,1,0.73712498,1,0.97558594,1,3,1,1,1
20260116_fs_sjt_01071.jpg,1,0.98388672,1,0.86741507,1,0.96093750,0,3,1,1,1
20260116_fs_sjt_01072.jpg,1,0.83447266,1,0.97948974,1,0.81689453,0,3,1,1,1
20260116_fs_sjt_01073.jpg,1,0.99218750,1,0.99113023,1,0.97509766,1,3,1,1,1
20260116_fs_sjt_01074.jpg,1,0.64062500,1,0.93630964,1,0.36962891,0,3,1,1,1
20260116_fs_sjt_01080.jpg,1,0.90722656,1,0.88688743,1,0.56591797,0,3,1,1,1
20260116_fs_sjt_01081.jpg,1,0.41723633,1,0.53680468,1,0.19287109,0,3,1,1,1
20260116_fs_sjt_01082.jpg,1,0.91406250,1,0.98569787,1,0.88916016,0,3,1,1,1
20260116_fs_sjt_01083.jpg,0,0.03491211,0,0.06098716,0,0.21533203,0,1,0,1,0
20260116_fs_sjt_01089.jpg,1,0.99365234,1,0.98578608,1,0.98974609,1,3,1,1,1
20260116_fs_sjt_01090.jpg,1,0.96142578,1,0.54096973,1,0.94482422,0,3,1,1,1
20260116_fs_sjt_01091.jpg,0,0.01406097,0,0.03620827,0,-1.00000000,0,0,0,0,0
20260116_fs_sjt_01092.jpg,1,0.98779297,1,0.90675479,1,0.81445312,0,3,1,1,1
20260320_sjt_fs_1299.jpg,1,0.99511719,1,0.98971844,1,0.97900391,1,3,1,1,1
20260320_sjt_fs_1300.jpg,1,0.98535156,1,0.98382646,1,0.83984375,0,3,1,1,1
20260320_sjt_fs_1301.jpg,1,0.99609375,1,0.95611250,1,0.87988281,0,3,1,1,1
20260320_sjt_fs_1302.jpg,1,0.98095703,1,0.97029144,1,0.84765625,0,3,1,1,1
20260320_sjt_fs_1308.jpg,1,1.00000000,1,0.99316943,1,0.99365234,1,3,1,1,1
20260320_sjt_fs_1309.jpg,1,0.99023438,1,0.97044867,1,0.79882812,0,3,1,1,1
20260320_sjt_fs_1310.jpg,1,0.99365234,1,0.98200351,1,0.90625000,0,3,1,1,1
20260320_sjt_fs_1311.jpg,1,0.99707031,1,0.98726165,1,0.93701172,0,3,1,1,1
20260320_sjt_fs_1321.jpg,1,0.99267578,1,0.96981412,1,0.90332031,0,2,1,1,0
20260320_sjt_fs_1322.jpg,1,0.95507812,1,0.97181892,1,0.96875000,0,3,1,1,1
20260320_sjt_fs_1324.jpg,1,0.97998047,1,0.98347777,1,0.90039062,0,3,1,1,1
20260320_sjt_fs_1325.jpg,1,0.99609375,1,0.99149030,1,0.97802734,1,3,1,1,1
20260320_sjt_fs_1334.jpg,1,0.99462891,1,0.91803807,1,0.91406250,0,3,1,1,1
20260320_sjt_fs_1335.jpg,1,0.97558594,1,0.94573402,1,0.98046875,1,3,1,1,1
20260320_sjt_fs_1336.jpg,1,0.89062500,1,0.94796222,1,0.97412109,1,3,1,1,1
20260320_sjt_fs_1337.jpg,1,0.99462891,1,0.95191777,1,0.96044922,0,3,1,1,1
20260320_sjt_fs_1343.jpg,1,0.97851562,1,0.96183163,1,0.99365234,1,3,1,1,1
20260320_sjt_fs_1354.jpg,1,0.99902344,1,0.97366798,1,0.99023438,1,3,1,1,1
20260320_sjt_fs_1380.jpg,1,0.99560547,1,0.98093331,1,0.96337891,0,3,1,1,1
20260320_sjt_fs_1381.jpg,1,0.75878906,1,0.94750494,1,0.95166016,0,3,1,1,1
20260320_sjt_fs_1397.jpg,1,0.97998047,1,0.91088909,1,0.98388672,1,3,1,1,1
20260320_sjt_fs_1398.jpg,1,0.99609375,1,0.95521855,1,0.98779297,1,3,1,1,1
20260320_sjt_fs_1427.jpg,1,0.90234375,1,0.92554301,1,0.77246094,0,3,1,1,1
20260320_sjt_fs_1434.jpg,1,0.97509766,1,0.91723096,1,0.90136719,0,3,1,1,1
20260320_sjt_fs_1435.jpg,1,0.75634766,1,0.88519591,1,0.83740234,0,3,1,1,1
20260320_sjt_fs_1436.jpg,1,0.84912109,1,0.90319568,1,0.88671875,0,3,1,1,1
20260320_sjt_fs_1437.jpg,1,0.90478516,1,0.93054402,1,0.92236328,0,3,1,1,1
20260320_sjt_fs_1443.jpg,1,0.99707031,1,0.97004008,1,0.99218750,1,3,1,1,1
20260320_sjt_fs_1444.jpg,1,0.94238281,1,0.93128920,1,0.98828125,1,3,1,1,1
20260320_sjt_fs_1445.jpg,1,0.99218750,1,0.94021153,1,0.99365234,1,3,1,1,1
20260320_sjt_fs_1457.jpg,1,0.99316406,1,0.92242819,1,0.63330078,0,3,1,1,1
20260320_sjt_fs_1458.jpg,1,0.99511719,1,0.94287318,1,0.99169922,1,3,1,1,1
20260320_sjt_fs_1464.jpg,1,0.87744141,1,0.91717631,1,0.99218750,1,3,1,1,1
20260320_sjt_fs_1465.jpg,1,0.77587891,1,0.90393001,1,0.99267578,1,3,1,1,1
20260320_sjt_fs_1466.jpg,1,0.97900391,1,0.93779969,1,0.98974609,1,3,1,1,1
20260320_sjt_fs_1467.jpg,1,0.98583984,1,0.95920354,1,0.99121094,1,3,1,1,1
20260320_sjt_fs_1476.jpg,1,0.89697266,1,0.89048392,1,0.72216797,0,3,1,1,1
20260320_sjt_fs_1482.jpg,1,0.98046875,1,0.92932439,1,0.97558594,1,3,1,1,1
20260320_sjt_fs_1483.jpg,1,0.94677734,1,0.93438160,1,0.98486328,1,3,1,1,1
20260320_sjt_fs_1484.jpg,1,0.84619141,1,0.93134308,1,0.59082031,0,3,1,1,1
20260320_sjt_fs_1486.jpg,1,0.75244141,1,0.88223702,1,0.48339844,0,3,1,1,1
20260320_sjt_fs_1497.jpg,1,0.50341797,1,0.68915331,1,0.97558594,1,3,1,1,1
20260320_sjt_fs_1507.jpg,1,0.99902344,1,0.85974479,1,0.99951172,1,3,1,1,1
20260320_sjt_fs_1508.jpg,1,0.83105469,1,0.71967429,1,0.98681641,1,3,1,1,1
20260320_sjt_fs_1509.jpg,1,0.98193359,1,0.85091460,1,0.99902344,1,3,1,1,1
20260320_sjt_fs_1510.jpg,1,0.97851562,1,0.89774776,1,1.00000000,1,3,1,1,1
20260320_sjt_fs_1516.jpg,1,0.99658203,1,0.84240258,1,0.99951172,1,3,1,1,1
20260320_sjt_fs_1517.jpg,1,0.99755859,1,0.89924562,1,0.99902344,1,3,1,1,1
20260320_sjt_fs_1526.jpg,1,0.70654297,1,0.67335689,1,0.95898438,0,3,1,1,1
20260320_sjt_fs_1527.jpg,1,0.58251953,1,0.42402238,1,0.72949219,0,3,1,1,1
20260320_sjt_fs_1528.jpg,1,0.51757812,1,0.42328238,1,0.59570312,0,3,1,1,1
20260320_sjt_fs_1534.jpg,1,0.66552734,1,0.33881700,1,0.98486328,1,3,1,1,1
20260320_sjt_fs_1535.jpg,1,0.69677734,1,0.40288970,1,0.99707031,1,3,1,1,1
20260320_sjt_fs_1536.jpg,1,0.64550781,1,0.52223885,1,0.99609375,1,3,1,1,1
20260320_sjt_fs_1545.jpg,0,0.01898193,0,0.14862950,1,0.57763672,0,1,1,0,0
20260320_sjt_fs_1546.jpg,0,0.17993164,0,0.22244152,1,0.25659180,0,0,0,0,0
20260320_sjt_fs_1552.jpg,0,0.16906738,0,0.29939610,1,0.54736328,0,0,0,0,0
20260320_sjt_fs_1553.jpg,0,0.06762695,0,0.26641646,1,0.09283447,0,0,0,0,0
20260320_sjt_fs_1554.jpg,0,0.00508881,0,0.11739996,1,0.04962158,0,0,0,0,0
20260320_sjt_fs_1555.jpg,0,0.46704102,1,0.23467684,1,0.27001953,0,0,0,0,0
20260320_sjt_fs_1574.jpg,1,0.94335938,1,0.94896966,1,0.92968750,0,3,1,1,1
20260320_sjt_fs_1580.jpg,1,0.99902344,1,0.90401441,1,0.99218750,1,3,1,1,1
20260320_sjt_fs_1581.jpg,1,0.97900391,1,0.93758506,1,0.98535156,1,3,1,1,1
20260320_sjt_fs_1582.jpg,1,0.75927734,1,0.87476248,1,0.84912109,0,3,1,1,1
20260320_sjt_fs_1583.jpg,1,0.81591797,1,0.90639836,1,0.89794922,0,3,1,1,1
20260320_sjt_fs_1590.jpg,1,0.90722656,1,0.83511770,1,0.97998047,1,3,1,1,1
20260320_sjt_fs_1604.jpg,1,0.89355469,1,0.86320579,1,0.98925781,1,3,1,1,1
20260320_sjt_fs_1605.jpg,1,0.87548828,1,0.82470095,1,0.98291016,1,3,1,1,1
20260320_sjt_fs_1606.jpg,1,0.87744141,1,0.86671233,1,0.98828125,1,3,1,1,1
20260320_sjt_fs_1607.jpg,1,0.80029297,1,0.90232182,1,0.87060547,0,3,1,1,1
20260320_sjt_fs_1617.jpg,1,0.75000000,1,0.87612063,1,0.62744141,0,3,1,1,1
20260320_sjt_fs_1619.jpg,1,0.41601562,1,0.88030446,1,0.91650391,0,3,1,1,1
20260320_sjt_fs_1649.jpg,1,0.68798828,1,0.77046746,1,0.50390625,0,3,1,1,1
20260320_sjt_fs_1650.jpg,1,0.28149414,1,0.67817837,1,0.82958984,0,3,1,1,1
20260320_sjt_fs_1651.jpg,1,0.99707031,1,0.94447863,1,0.99462891,1,3,1,1,1
20260320_sjt_fs_1661.jpg,1,0.63916016,1,0.88062018,1,0.74169922,0,3,1,1,1
20260320_sjt_fs_1662.jpg,1,0.86279297,1,0.85585725,1,0.50830078,0,3,1,1,1
20260320_sjt_fs_1663.jpg,1,0.96533203,1,0.84565401,1,0.99755859,1,3,1,1,1
20260320_sjt_fs_1673.jpg,1,0.82275391,1,0.80440235,1,0.09667969,0,3,1,1,1
20260320_sjt_fs_1674.jpg,1,0.94824219,1,0.80445856,1,0.84667969,0,3,1,1,1
20260320_sjt_fs_1682.jpg,1,0.99902344,1,0.91847241,1,0.98535156,1,3,1,1,1
20260320_sjt_fs_1683.jpg,1,0.99658203,1,0.92073655,1,0.99755859,1,3,1,1,1
20260320_sjt_fs_1684.jpg,1,0.99853516,1,0.96586490,1,0.99707031,1,3,1,1,1
20260320_sjt_fs_1685.jpg,1,0.99853516,1,0.93253797,1,0.99365234,1,3,1,1,1
20260320_sjt_fs_1694.jpg,1,0.97705078,1,0.93480527,1,0.97900391,1,3,1,1,1
20260320_sjt_fs_1706.jpg,1,0.81201172,1,0.83534807,1,0.90820312,0,3,1,1,1
20260320_sjt_fs_1707.jpg,1,0.94433594,1,0.92403418,1,0.90185547,0,3,1,1,1
20260320_sjt_fs_1708.jpg,1,0.76562500,1,0.83288866,1,0.35839844,0,3,1,1,1
20260320_sjt_fs_1710.jpg,1,0.99707031,1,0.85261101,1,0.99218750,1,3,1,1,1
20260320_sjt_fs_1716.jpg,1,0.85253906,1,0.90691388,1,0.99316406,1,3,1,1,1
20260320_sjt_fs_1733.jpg,1,0.66455078,1,0.72432792,1,0.78271484,0,3,1,1,1
20260320_sjt_fs_1734.jpg,1,0.79052734,1,0.78521550,1,0.99462891,1,3,1,1,1
20260320_sjt_fs_1735.jpg,1,0.77246094,1,0.79832035,1,0.99316406,1,3,1,1,1
20260320_sjt_fs_1736.jpg,1,0.73974609,1,0.78524739,1,0.99755859,1,3,1,1,1
20260320_sjt_fs_1745.jpg,1,0.79492188,1,0.81486303,1,0.97363281,1,3,1,1,1
20260320_sjt_fs_1746.jpg,1,0.75927734,1,0.80174828,1,0.99951172,1,3,1,1,1
20260320_sjt_fs_1760.jpg,1,0.68554688,1,0.79261190,1,0.98632812,1,3,1,1,1
20260320_sjt_fs_1761.jpg,1,0.78710938,1,0.79322261,1,0.99707031,1,3,1,1,1
20260320_sjt_fs_1762.jpg,1,0.77294922,1,0.76314825,1,0.98828125,1,3,1,1,1
20260320_sjt_fs_1771.jpg,1,0.77197266,1,0.83544785,1,0.94873047,0,3,1,1,1
20260320_sjt_fs_1772.jpg,1,0.71435547,1,0.79859614,1,0.94287109,0,3,1,1,1
20260320_sjt_fs_1773.jpg,1,0.70361328,1,0.78333402,1,0.95263672,0,3,1,1,1
20260320_sjt_fs_1790.jpg,1,0.95996094,1,0.87484539,1,0.94335938,0,3,1,1,1
20260320_sjt_fs_1791.jpg,1,0.95947266,1,0.87485725,1,0.78564453,0,3,1,1,1
20260320_sjt_fs_1797.jpg,1,0.96435547,1,0.78912783,1,0.99511719,1,3,1,1,1
20260320_sjt_fs_1798.jpg,1,0.96679688,1,0.89678591,1,0.95605469,0,3,1,1,1
20260320_sjt_fs_1799.jpg,1,0.98388672,1,0.89168674,1,0.94042969,0,3,1,1,1
20260320_sjt_fs_1800.jpg,1,0.97900391,1,0.88068902,1,0.98974609,1,3,1,1,1
20260320_sjt_fs_1810.jpg,1,0.92041016,1,0.82274747,1,0.98828125,1,3,1,1,1
20260320_sjt_fs_1816.jpg,1,0.99365234,1,0.86853033,1,0.83496094,0,3,1,1,1
20260320_sjt_fs_1817.jpg,1,0.98291016,1,0.85650575,1,0.70996094,0,3,1,1,1
20260320_sjt_fs_1818.jpg,1,0.97021484,1,0.84318721,1,0.89843750,0,3,1,1,1
20260320_sjt_fs_1819.jpg,1,0.96777344,1,0.80833781,1,0.91259766,0,3,1,1,1
20260320_sjt_fs_1825.jpg,1,0.97167969,1,0.82550287,1,0.53271484,0,3,1,1,1
20260320_sjt_fs_1834.jpg,1,0.95800781,1,0.76669151,1,0.97900391,1,3,1,1,1
20260320_sjt_fs_1835.jpg,1,0.97021484,1,0.79452139,1,0.93945312,0,3,1,1,1
20260320_sjt_fs_1836.jpg,1,0.96777344,1,0.86763507,1,0.86865234,0,3,1,1,1
20260320_sjt_fs_1837.jpg,1,0.98193359,1,0.80628312,1,0.94238281,0,3,1,1,1
20260320_sjt_fs_1844.jpg,1,0.98583984,1,0.81356668,1,0.67773438,0,3,1,1,1
20260320_sjt_fs_1855.jpg,1,0.97705078,1,0.83401477,1,0.58886719,0,3,1,1,1
20260320_sjt_fs_1856.jpg,1,0.99121094,1,0.76913851,1,0.99169922,1,3,1,1,1
20260320_sjt_fs_1865.jpg,1,0.88525391,1,0.92522132,1,0.96777344,0,3,1,1,1
20260320_sjt_fs_1866.jpg,1,0.88623047,1,0.93220729,1,0.96826172,0,3,1,1,1
20260320_sjt_fs_1867.jpg,1,0.91503906,1,0.91147953,1,0.88818359,0,3,1,1,1
20260320_sjt_fs_1876.jpg,1,0.90820312,1,0.92842597,1,0.99804688,1,3,1,1,1
20260320_sjt_fs_1877.jpg,1,0.96240234,1,0.94309378,1,0.99560547,1,3,1,1,1
20260320_sjt_fs_1883.jpg,1,0.91796875,1,0.93277586,1,0.83789062,0,3,1,1,1
20260320_sjt_fs_1884.jpg,1,0.90869141,1,0.93028432,1,0.95117188,0,3,1,1,1
20260320_sjt_fs_1885.jpg,1,0.92773438,1,0.91293436,1,0.96923828,0,3,1,1,1
20260320_sjt_fs_1886.jpg,1,0.92675781,1,0.89326799,1,0.69433594,0,3,1,1,1
20260320_sjt_fs_1895.jpg,1,0.91894531,1,0.92728698,1,0.97851562,1,3,1,1,1
20260320_sjt_fs_1901.jpg,1,0.89355469,1,0.91670501,1,0.68457031,0,3,1,1,1
20260320_sjt_fs_1902.jpg,1,0.90820312,1,0.92636871,1,0.83496094,0,3,1,1,1
20260320_sjt_fs_1903.jpg,1,0.87792969,1,0.93767780,1,0.64111328,0,3,1,1,1
20260320_sjt_fs_1904.jpg,1,0.92382812,1,0.93013102,1,0.91503906,0,3,1,1,1
20260320_sjt_fs_1910.jpg,1,0.94580078,1,0.93279088,1,0.60742188,0,3,1,1,1
20260320_sjt_fs_1920.jpg,1,0.90966797,1,0.92942613,1,0.94726562,0,3,1,1,1
20260320_sjt_fs_1921.jpg,1,0.90429688,1,0.92874604,1,0.95751953,0,3,1,1,1
20260320_sjt_fs_1922.jpg,1,0.89355469,1,0.93152303,1,0.97265625,1,3,1,1,1
20260320_sjt_fs_1923.jpg,1,0.91503906,1,0.93284386,1,0.95751953,0,3,1,1,1
20260320_sjt_fs_1939.jpg,1,0.89208984,1,0.56330192,1,0.77880859,0,3,1,1,1
20260320_sjt_fs_1940.jpg,1,0.91601562,1,0.74435192,1,0.58447266,0,3,1,1,1
20260320_sjt_fs_1950.jpg,1,0.75390625,1,0.64255393,1,0.99462891,1,3,1,1,1
20260320_sjt_fs_1951.jpg,1,0.76171875,1,0.59287608,1,0.74462891,0,3,1,1,1
20260320_sjt_fs_1954.jpg,1,0.92675781,1,0.54332191,1,0.93017578,0,2,1,1,0
20260320_sjt_fs_1960.jpg,1,0.86230469,1,0.64693981,1,0.99511719,1,3,1,1,1
20260320_sjt_fs_1961.jpg,1,0.90087891,1,0.63561934,1,0.99462891,1,3,1,1,1
20260320_sjt_fs_1962.jpg,1,0.95019531,1,0.65975481,1,0.98730469,1,3,1,1,1
20260320_sjt_fs_1972.jpg,0,0.10870361,0,0.27942896,1,0.18481445,0,1,0,0,1
20260320_sjt_fs_1973.jpg,0,0.04312134,0,0.09059250,1,0.56933594,0,3,1,1,1
20260320_sjt_fs_1979.jpg,1,0.73632812,1,0.35208735,1,0.97216797,1,3,1,1,1
20260320_sjt_fs_1980.jpg,1,0.28881836,1,0.48452663,1,0.85839844,0,3,1,1,1
20260320_sjt_fs_1981.jpg,1,0.52832031,1,0.39680430,1,0.22583008,0,3,1,1,1
20260320_sjt_fs_1982.jpg,0,0.08746338,0,0.46509692,1,0.54199219,0,3,1,1,1
20260320_sjt_fs_1997.jpg,1,0.92578125,1,0.92191327,1,0.85058594,0,3,1,1,1
20260320_sjt_fs_2003.jpg,1,0.98437500,1,0.92436475,1,0.99707031,1,3,1,1,1
20260320_sjt_fs_2004.jpg,1,0.99267578,1,0.93658930,1,0.99121094,1,3,1,1,1
20260320_sjt_fs_2005.jpg,1,0.98876953,1,0.93070006,1,0.99560547,1,3,1,1,1
20260320_sjt_fs_2006.jpg,1,0.99218750,1,0.95470357,1,0.98681641,1,3,1,1,1
20260320_sjt_fs_2012.jpg,1,0.98193359,1,0.91693950,1,0.99267578,1,3,1,1,1
20260320_sjt_fs_2021.jpg,1,0.99267578,1,0.93713790,1,0.99414062,1,3,1,1,1
20260320_sjt_fs_2022.jpg,1,0.97314453,1,0.90597969,1,0.97900391,1,3,1,1,1
20260320_sjt_fs_2023.jpg,1,0.99218750,1,0.90827006,1,0.91992188,0,3,1,1,1
20260320_sjt_fs_2024.jpg,1,0.97216797,1,0.92227787,1,0.98730469,1,3,1,1,1
20260320_sjt_fs_2030.jpg,1,0.99316406,1,0.91548300,1,0.98339844,1,3,1,1,1
20260320_sjt_fs_2031.jpg,1,0.98681641,1,0.90149641,1,0.96582031,0,3,1,1,1
20260320_sjt_fs_2051.jpg,1,0.42993164,1,0.70407170,1,0.63427734,0,3,1,1,1
20260320_sjt_fs_2052.jpg,1,0.42114258,1,0.84626740,1,0.70556641,0,3,1,1,1
20260320_sjt_fs_2053.jpg,1,0.88378906,1,0.85464609,1,0.95849609,0,3,1,1,1
20260320_sjt_fs_2059.jpg,1,0.86962891,1,0.91211337,1,0.95849609,0,3,1,1,1
20260320_sjt_fs_2060.jpg,1,0.91650391,1,0.91878814,1,0.97558594,1,3,1,1,1
20260320_sjt_fs_2061.jpg,1,0.60400391,1,0.76234078,1,0.87939453,0,3,1,1,1
20260320_sjt_fs_2070.jpg,1,0.95214844,1,0.82622981,1,0.99316406,1,3,1,1,1
20260320_sjt_fs_2071.jpg,1,0.85302734,1,0.89183241,1,0.99511719,1,3,1,1,1
20260320_sjt_fs_2077.jpg,1,0.75830078,1,0.79414660,1,0.94873047,0,3,1,1,1
20260320_sjt_fs_2078.jpg,1,0.95410156,1,0.84553057,1,0.99511719,1,3,1,1,1
20260320_sjt_fs_2079.jpg,1,0.98095703,1,0.83727509,1,0.98046875,1,3,1,1,1
20260320_sjt_fs_2080.jpg,1,0.80810547,1,0.86104804,1,0.99804688,1,3,1,1,1
20260320_sjt_fs_2089.jpg,1,0.77685547,1,0.90148592,1,0.97070312,1,3,1,1,1
20260320_sjt_fs_2095.jpg,1,0.88916016,1,0.84821534,1,0.93847656,0,3,1,1,1
20260320_sjt_fs_2096.jpg,1,0.92871094,1,0.83441836,1,0.98144531,1,3,1,1,1
20260320_sjt_fs_2098.jpg,1,0.60693359,1,0.70873117,1,0.51757812,0,2,1,1,0
20260320_sjt_fs_2102.jpg,1,0.83935547,1,0.87998366,1,0.85937500,0,3,1,1,1
20260320_sjt_fs_2108.jpg,1,0.98828125,1,0.91918123,1,0.98144531,1,3,1,1,1
20260320_sjt_fs_2109.jpg,1,0.97607422,1,0.91407722,1,0.90527344,0,3,1,1,1
20260320_sjt_fs_2110.jpg,1,0.98535156,1,0.90828681,1,0.93554688,0,3,1,1,1
20260320_sjt_fs_2111.jpg,1,0.92236328,1,0.89382637,1,0.96289062,0,3,1,1,1
raw_fire_relabel_dp_20327.jpg,1,0.98828125,1,0.99937505,1,0.99853516,1,3,1,1,1
raw_fire_relabel_dp_20328.jpg,1,0.98388672,1,0.43218681,1,0.98632812,1,3,1,1,1
raw_fire_relabel_dp_20329.jpg,1,0.99902344,1,0.91699380,1,0.98193359,1,3,1,1,1
raw_fire_relabel_dp_20330.jpg,1,0.57128906,1,0.94884866,1,0.92822266,0,2,0,1,1
raw_fire_relabel_dp_20331.jpg,1,0.98974609,1,0.99977893,1,0.99462891,1,3,1,1,1
raw_fire_relabel_dp_20332.jpg,1,0.99658203,1,0.95865643,1,0.94775391,0,3,1,1,1
raw_fire_relabel_dp_20333.jpg,1,0.92480469,1,0.40850306,1,0.72460938,0,2,0,1,1
raw_fire_relabel_dp_20334.jpg,1,0.99414062,1,0.99348372,1,0.98486328,1,3,1,1,1
raw_fire_relabel_dp_20335.jpg,1,0.90087891,1,0.80083191,1,0.88232422,0,3,1,1,1
raw_fire_relabel_dp_20354.jpg,1,0.99755859,1,0.99824822,1,0.99951172,1,3,1,1,1
raw_fire_relabel_dp_20355.jpg,1,0.99853516,1,0.99956375,1,0.99755859,1,1,0,1,0
raw_fire_relabel_dp_20356.jpg,1,0.94531250,1,0.89962018,1,0.97998047,1,3,1,1,1
raw_fire_relabel_dp_20357.jpg,1,0.95458984,1,0.88667482,1,0.97460938,1,3,1,1,1
raw_fire_relabel_dp_20358.jpg,1,0.99072266,1,0.99863738,1,0.96386719,0,3,1,1,1
raw_fire_relabel_dp_20360.jpg,1,0.98046875,1,0.92646736,1,0.98974609,1,3,1,1,1
raw_fire_relabel_dp_20361.jpg,1,0.97656250,1,0.89407474,1,0.99853516,1,2,1,1,0
raw_fire_relabel_dp_20362.jpg,1,0.96630859,1,0.99501425,1,0.96826172,0,3,1,1,1
raw_fire_relabel_dp_20363.jpg,1,0.86816406,1,0.99975723,1,0.96386719,0,3,1,1,1
raw_fire_relabel_dp_20364.jpg,1,0.97949219,1,0.93092895,1,0.98193359,1,3,1,1,1
raw_fire_relabel_dp_20365.jpg,1,0.99951172,1,0.98844469,1,1.00000000,1,3,1,1,1
raw_fire_relabel_dp_20366.jpg,1,0.98828125,1,0.99814749,1,0.99804688,1,3,1,1,1
raw_fire_relabel_dp_20367.jpg,1,0.48901367,1,0.29401290,1,0.49438477,0,1,0,1,0
raw_fire_relabel_dp_20368.jpg,1,0.96679688,1,0.89662296,1,0.95166016,0,3,1,1,1
raw_fire_relabel_dp_20369.jpg,1,0.99902344,1,0.99700195,1,0.96533203,0,3,1,1,1
raw_fire_relabel_dp_20370.jpg,1,0.30151367,1,0.94472510,1,0.83691406,0,3,1,1,1
raw_fire_relabel_dp_20371.jpg,1,0.92578125,1,0.71555102,1,0.99121094,1,3,1,1,1
raw_fire_relabel_dp_20372.jpg,1,0.96484375,1,0.99961746,1,0.99414062,1,3,1,1,1
raw_fire_relabel_dp_20373.jpg,1,0.99951172,1,0.99639672,1,0.99267578,1,3,1,1,1
raw_fire_relabel_dp_20374.jpg,1,0.55517578,1,0.77474457,1,0.99414062,1,3,1,1,1
raw_fire_relabel_dp_20375.jpg,1,0.99267578,1,0.90934139,1,0.96484375,0,2,1,0,1
raw_fire_relabel_dp_20376.jpg,1,0.99316406,1,0.99970704,1,0.98388672,1,3,1,1,1
raw_fire_relabel_dp_20377.jpg,1,0.96240234,1,0.99992216,1,0.98242188,1,3,1,1,1
raw_fire_relabel_dp_20378.jpg,1,0.99853516,1,0.99998593,1,0.99853516,1,1,0,0,1
raw_fire_relabel_dp_20379.jpg,1,0.97705078,1,0.99642390,1,0.99414062,1,3,1,1,1
raw_fire_relabel_dp_20380.jpg,1,0.86328125,1,0.49456123,1,0.96386719,0,3,1,1,1
raw_fire_relabel_dp_20381.jpg,1,0.99511719,1,0.98768884,1,0.98388672,1,3,1,1,1
raw_fire_relabel_dp_20382.jpg,1,0.99853516,1,0.99979359,1,0.99707031,1,3,1,1,1
raw_fire_relabel_dp_20383.jpg,1,0.99072266,1,0.95411462,1,0.97656250,1,3,1,1,1
raw_fire_relabel_dp_20384.jpg,1,0.90234375,1,0.99254018,1,0.98974609,1,3,1,1,1
raw_fire_relabel_dp_20385.jpg,1,0.43090820,1,0.97896111,1,0.99511719,1,3,1,1,1
raw_fire_relabel_dp_20386.jpg,1,0.98095703,1,0.99478120,1,0.95410156,0,3,1,1,1
raw_fire_relabel_dp_20387.jpg,1,0.99267578,1,0.97313255,1,0.97851562,1,1,1,0,0
raw_fire_relabel_dp_20388.jpg,0,0.01353455,0,0.00638027,0,-1.00000000,0,0,0,0,0
raw_fire_relabel_dp_20389.jpg,1,0.96777344,1,0.72982079,1,0.99658203,1,3,1,1,1
raw_fire_relabel_dp_20390.jpg,1,0.95458984,1,0.48730984,1,0.96777344,0,3,1,1,1
raw_fire_relabel_dp_20391.jpg,0,0.04208374,0,0.03287669,0,-1.00000000,0,0,0,0,0
raw_fire_relabel_dp_20392.jpg,1,0.97705078,1,0.99051625,1,0.95849609,0,3,1,1,1
raw_fire_relabel_dp_20393.jpg,1,0.99316406,1,0.97965264,1,0.99804688,1,1,1,0,0
raw_fire_relabel_dp_20394.jpg,1,0.99511719,1,0.86914361,1,0.99121094,1,3,1,1,1
raw_fire_relabel_dp_20397.jpg,0,0.05557251,0,0.07347627,0,0.19287109,0,1,0,1,0
raw_fire_relabel_dp_20398.jpg,1,0.96435547,1,0.99978131,1,0.99609375,1,3,1,1,1
raw_fire_relabel_dp_20399.jpg,0,0.53906250,1,0.08616926,1,0.29956055,0,0,0,0,0
raw_fire_relabel_dp_20400.png,1,0.99853516,1,0.96435070,1,0.99902344,1,3,1,1,1
raw_fire_relabel_dp_20401.jpg,1,0.99267578,1,0.99967694,1,0.99902344,1,3,1,1,1
raw_fire_relabel_dp_20402.jpg,0,0.13366699,0,0.42121622,1,0.71191406,0,3,1,1,1
raw_fire_relabel_dp_20403.jpg,1,0.99560547,1,0.60213095,1,0.99658203,1,3,1,1,1
raw_fire_relabel_dp_20404.jpg,1,0.33496094,1,0.49684113,1,0.96337891,0,2,1,1,0
raw_fire_relabel_dp_20405.jpg,1,0.92236328,1,0.96526575,1,0.99169922,1,3,1,1,1
raw_fire_relabel_dp_20406.jpg,1,0.99267578,1,0.78940874,1,0.98925781,1,3,1,1,1
raw_fire_relabel_dp_20407.jpg,1,0.97949219,1,0.93613070,1,0.98925781,1,3,1,1,1
raw_fire_relabel_dp_20408.jpg,0,0.21655273,0,0.05767489,0,0.07714844,0,0,0,0,0
raw_fire_relabel_dp_20409.jpg,1,0.99316406,1,0.84519494,1,0.95996094,0,3,1,1,1
raw_fire_relabel_dp_20410.jpg,1,0.99658203,1,0.99760324,1,0.98193359,1,1,1,0,0
raw_fire_relabel_dp_20411.jpg,0,0.14843750,0,0.03625450,0,0.60205078,0,0,0,0,0
raw_fire_relabel_dp_20412.jpg,0,0.69921875,1,0.68525177,1,-1.00000000,0,0,0,0,0
raw_fire_relabel_dp_20413.jpg,1,0.99121094,1,0.98888385,1,0.97998047,1,3,1,1,1
raw_fire_relabel_dp_20414.jpg,0,0.02484131,0,0.14554439,1,0.07006836,0,0,0,0,0
raw_fire_relabel_dp_20415.jpg,1,0.99902344,1,0.99976772,1,0.99853516,1,1,0,0,1
raw_fire_relabel_dp_20416.jpg,1,0.99414062,1,0.72284418,1,0.98437500,1,2,1,1,0
raw_fire_relabel_dp_20417.jpg,1,0.87011719,1,0.73700547,1,0.97802734,1,3,1,1,1
raw_fire_relabel_dp_20418.jpg,1,0.99072266,1,0.99336994,1,0.98681641,1,3,1,1,1
raw_fire_relabel_dp_20419.jpg,0,0.04272461,0,0.01896039,0,0.60400391,0,1,0,1,0
raw_fire_relabel_dp_20420.jpg,1,0.98388672,1,0.99726725,1,0.99707031,1,2,1,0,1
raw_fire_relabel_dp_20421.jpg,1,0.93603516,1,0.84296757,1,0.99755859,1,3,1,1,1
raw_fire_relabel_dp_20422.jpg,1,0.34667969,1,0.92436749,1,0.77734375,0,3,1,1,1
raw_fire_relabel_dp_20423.jpg,1,0.87500000,1,0.99920505,1,0.99072266,1,3,1,1,1
raw_fire_relabel_dp_20424.jpg,1,0.96289062,1,0.97775412,1,0.99511719,1,3,1,1,1
raw_fire_relabel_dp_20425.jpg,1,0.33935547,1,0.73320717,1,0.99462891,1,3,1,1,1
raw_fire_relabel_dp_20426.jpg,1,0.97216797,1,0.85345703,1,0.98876953,1,3,1,1,1
raw_fire_relabel_dp_20427.jpg,1,0.99902344,1,0.98688519,1,0.99755859,1,3,1,1,1
raw_fire_relabel_dp_20428.jpg,1,0.99902344,1,0.99984181,1,0.99853516,1,3,1,1,1
raw_fire_relabel_dp_20429.jpg,1,0.90771484,1,0.95222837,1,0.88232422,0,1,0,0,1
raw_fire_relabel_dp_20430.jpg,1,0.83007812,1,0.99993479,1,0.97509766,1,3,1,1,1
raw_fire_relabel_dp_20431.jpg,0,0.17126465,0,0.61259288,1,0.48193359,0,1,0,1,0
raw_fire_relabel_dp_20432.jpg,1,0.25903320,1,0.94889688,1,0.91650391,0,3,1,1,1
raw_fire_relabel_dp_20433.jpg,1,0.99707031,1,0.99356502,1,0.99072266,1,3,1,1,1
raw_fire_relabel_dp_20434.jpg,1,0.63427734,1,0.87222290,1,0.83691406,0,3,1,1,1
raw_fire_relabel_dp_20435.jpg,0,0.08203125,0,0.03207393,0,0.03396606,0,0,0,0,0
raw_fire_relabel_dp_20436.jpg,1,0.55175781,1,0.67305923,1,0.59179688,0,3,1,1,1
raw_fire_relabel_dp_20437.jpg,1,0.89550781,1,0.81224328,1,0.97167969,1,3,1,1,1
raw_fire_relabel_dp_20438.png,1,1.00000000,1,0.99712616,1,0.99658203,1,3,1,1,1
raw_fire_relabel_dp_20439.jpg,1,0.99951172,1,0.96868324,1,0.99560547,1,3,1,1,1
raw_fire_relabel_dp_20440.jpg,1,0.98193359,1,0.95128477,1,0.99707031,1,3,1,1,1
raw_fire_relabel_dp_20441.jpg,1,0.64599609,1,0.52749366,1,0.99462891,1,2,1,1,0
raw_fire_relabel_dp_20442.jpg,1,0.99316406,1,0.99999154,1,0.99755859,1,3,1,1,1
raw_fire_relabel_dp_20443.jpg,1,0.99902344,1,0.98615557,1,0.98437500,1,3,1,1,1
raw_fire_relabel_dp_20444.jpg,1,0.55419922,1,0.54534572,1,0.94531250,0,3,1,1,1
raw_fire_relabel_dp_20445.jpg,1,0.99658203,1,0.99977130,1,0.99902344,1,1,0,0,1
raw_fire_relabel_dp_20446.jpg,1,0.96093750,1,0.88222796,1,0.98193359,1,3,1,1,1
raw_fire_relabel_dp_20447.jpg,0,0.13696289,0,0.13256061,1,0.95263672,0,3,1,1,1
raw_fire_relabel_dp_20448.jpg,1,0.99316406,1,0.97378790,1,0.98828125,1,3,1,1,1
raw_fire_relabel_dp_20449.jpg,1,0.30419922,1,0.35782108,1,0.32714844,0,1,0,1,0
raw_fire_relabel_dp_20450.jpg,1,0.99609375,1,0.99996328,1,1.00000000,1,3,1,1,1
raw_fire_relabel_dp_20451.jpg,0,0.58789062,1,0.38850400,1,0.90527344,0,0,0,0,0
raw_fire_relabel_dp_20452.jpg,1,0.62402344,1,0.78731185,1,0.71191406,0,3,1,1,1
raw_fire_relabel_dp_20453.jpg,1,0.69824219,1,0.69305778,1,0.97607422,1,3,1,1,1
raw_fire_relabel_dp_20454.jpg,1,0.99902344,1,0.99686348,1,0.99755859,1,3,1,1,1
raw_fire_relabel_dp_20455.png,1,0.99316406,1,0.84662950,1,0.99902344,1,3,1,1,1
raw_fire_relabel_dp_20456.jpg,1,0.84619141,1,0.62503797,1,0.18103027,0,1,0,1,0
raw_fire_relabel_dp_20457.jpg,0,0.02757263,0,0.23909952,1,0.69970703,0,2,0,1,1
raw_fire_relabel_dp_20458.jpg,0,0.16149902,0,0.20216691,1,0.21423340,0,0,0,0,0
raw_fire_relabel_dp_20459.jpg,0,0.06549072,0,0.15950011,1,0.32006836,0,1,0,1,0
raw_fire_relabel_dp_20460.jpg,1,0.28295898,1,0.20277376,1,0.90576172,0,3,1,1,1
raw_fire_relabel_dp_20461.jpg,1,0.91308594,1,0.99465299,1,0.89111328,0,2,0,1,1
raw_fire_relabel_dp_20462.jpg,1,0.31347656,1,0.43664551,1,0.17333984,0,3,1,1,1
raw_fire_relabel_dp_20463.jpg,1,0.99169922,1,0.98538566,1,0.99853516,1,3,1,1,1
raw_fire_relabel_dp_20464.jpg,1,0.89990234,1,0.99634701,1,0.93603516,0,3,1,1,1
raw_fire_relabel_dp_20465.jpg,1,0.97851562,1,0.99764889,1,0.99414062,1,3,1,1,1
raw_fire_relabel_dp_20466.jpg,1,0.96533203,1,0.98721212,1,0.99804688,1,3,1,1,1
raw_fire_relabel_dp_20467.jpg,0,0.32666016,1,0.07579937,0,0.96826172,0,3,1,1,1
raw_fire_relabel_dp_20468.jpg,1,1.00000000,1,0.99861646,1,0.99560547,1,3,1,1,1
raw_fire_relabel_dp_20469.jpg,1,0.99951172,1,0.99622077,1,1.00000000,1,2,1,1,0
raw_fire_relabel_dp_20470.jpg,1,0.99853516,1,0.98649061,1,0.99365234,1,2,0,1,1
raw_fire_relabel_dp_20471.jpg,1,0.97314453,1,0.96699554,1,0.98974609,1,3,1,1,1
raw_fire_relabel_dp_20472.jpg,1,0.99804688,1,0.99974948,1,0.99902344,1,3,1,1,1
raw_fire_relabel_dp_20473.jpg,1,0.89355469,1,0.87491316,1,0.94531250,0,3,1,1,1
raw_fire_relabel_dp_20474.jpg,0,0.14123535,0,0.04185158,0,0.16748047,0,1,1,0,0
raw_fire_relabel_dp_20475.jpg,1,0.46923828,1,0.71758896,1,0.59228516,0,3,1,1,1
raw_fire_relabel_dp_20476.jpg,1,0.97265625,1,0.92620265,1,0.98486328,1,3,1,1,1
raw_fire_relabel_dp_20477.jpg,1,0.99267578,1,0.99891675,1,0.99023438,1,3,1,1,1
raw_fire_relabel_dp_20478.png,1,0.99755859,1,0.83811557,1,0.99951172,1,3,1,1,1
raw_fire_relabel_dp_20479.jpg,0,0.02333069,0,0.11871131,1,0.33349609,0,3,1,1,1
raw_fire_relabel_dp_20480.jpg,1,0.99804688,1,0.95056945,1,0.99755859,1,3,1,1,1
raw_fire_relabel_dp_20481.jpg,0,0.22827148,1,0.21016718,1,0.24841309,0,0,0,0,0
raw_fire_relabel_dp_20482.jpg,1,0.93750000,1,0.96963656,1,0.99414062,1,3,1,1,1
raw_fire_relabel_dp_20483.jpg,1,0.99853516,1,0.99997389,1,0.99951172,1,1,0,0,1
raw_fire_relabel_dp_20484.jpg,1,0.98339844,1,0.23502280,1,0.93750000,0,2,1,0,1
raw_fire_relabel_dp_20485.jpg,1,0.99853516,1,0.99993765,1,0.99951172,1,2,1,1,0
raw_fire_relabel_dp_20486.jpg,1,0.97998047,1,0.99978906,1,0.99853516,1,3,1,1,1
raw_fire_relabel_dp_20487.jpg,0,0.07641602,0,0.02983432,0,-1.00000000,0,0,0,0,0
raw_fire_relabel_dp_20488.png,1,0.74951172,1,0.72267014,1,0.99951172,1,3,1,1,1
raw_fire_relabel_dp_20489.jpg,1,0.84716797,1,0.73293984,1,0.99755859,1,3,1,1,1
raw_fire_relabel_dp_20490.jpg,1,0.67480469,1,0.86310714,1,0.98291016,1,3,1,1,1
raw_fire_relabel_dp_20491.jpg,1,0.99804688,1,0.67590761,1,0.99804688,1,3,1,1,1
raw_fire_relabel_dp_20492.jpg,1,0.94921875,1,0.98080713,1,0.98828125,1,3,1,1,1
raw_fire_relabel_dp_20493.jpg,1,0.99755859,1,0.99864048,1,0.99755859,1,3,1,1,1
raw_fire_relabel_dp_20494.jpg,1,0.97900391,1,0.99663299,1,0.97265625,1,3,1,1,1
raw_fire_relabel_dp_20495.jpg,1,0.55029297,1,0.43649134,1,0.91845703,0,3,1,1,1
raw_fire_relabel_dp_20496.jpg,1,0.99804688,1,0.99796945,1,0.99755859,1,3,1,1,1
raw_fire_relabel_dp_20497.jpg,1,0.99414062,1,0.99995780,1,0.99755859,1,3,1,1,1
raw_fire_relabel_dp_20498.jpg,1,0.97802734,1,0.53828818,1,0.99511719,1,3,1,1,1
raw_fire_relabel_dp_20499.jpg,1,0.90283203,1,0.97700727,1,0.98876953,1,3,1,1,1
raw_fire_relabel_dp_20500.jpg,0,0.19433594,0,0.64167368,1,0.73193359,0,3,1,1,1
raw_fire_relabel_dp_20501.jpg,1,0.91943359,1,0.92129493,1,0.99218750,1,3,1,1,1
raw_fire_relabel_dp_20502.jpg,1,0.99951172,1,0.99092788,1,0.99707031,1,3,1,1,1
raw_fire_relabel_dp_20503.jpg,1,0.98339844,1,0.93681777,1,0.99853516,1,3,1,1,1
raw_fire_relabel_dp_20504.jpg,1,0.28564453,1,0.59023297,1,0.95019531,0,3,1,1,1
raw_fire_relabel_dp_20505.jpg,0,0.21765137,0,0.24366307,1,0.22998047,0,2,0,1,1
raw_fire_relabel_dp_20506.png,1,0.93017578,1,0.95472735,1,0.96923828,0,3,1,1,1
raw_fire_relabel_dp_20507.jpg,1,0.99218750,1,0.99984813,1,0.98779297,1,2,1,0,1
raw_fire_relabel_dp_20508.jpg,1,0.99707031,1,0.95859814,1,0.99365234,1,3,1,1,1
raw_fire_relabel_dp_20509.jpg,1,0.82226562,1,0.20193830,1,0.91992188,0,3,1,1,1
raw_fire_relabel_dp_20510.jpg,1,0.99658203,1,0.99249226,1,0.97607422,1,3,1,1,1
raw_fire_relabel_dp_20511.jpg,1,0.90576172,1,0.77495503,1,0.75634766,0,3,1,1,1
raw_fire_relabel_dp_20512.jpg,0,0.11029053,0,0.16962461,1,0.51220703,0,2,1,1,0
raw_fire_relabel_dp_20513.png,1,0.76025391,1,0.38797593,1,0.99853516,1,3,1,1,1
raw_fire_relabel_dp_20514.jpg,1,0.99707031,1,0.91524804,1,0.99902344,1,3,1,1,1
raw_fire_relabel_dp_20515.jpg,1,0.92968750,1,0.99789292,1,0.95312500,0,1,1,0,0
raw_fire_relabel_dp_20516.jpg,1,0.96289062,1,0.98858196,1,0.94384766,0,3,1,1,1
raw_fire_relabel_dp_20517.jpg,1,0.98144531,1,0.84462947,1,0.99511719,1,3,1,1,1
raw_fire_relabel_dp_20518.jpg,1,0.98583984,1,0.85661328,1,0.99658203,1,3,1,1,1
raw_fire_relabel_dp_20519.jpg,1,0.37304688,1,0.45302624,1,0.95507812,0,3,1,1,1
raw_fire_relabel_dp_20520.jpg,1,0.98486328,1,0.78899062,1,0.99511719,1,3,1,1,1
raw_fire_relabel_dp_20521.jpg,1,0.99023438,1,0.80728590,1,0.99414062,1,3,1,1,1
raw_fire_relabel_dp_20522.jpg,1,0.99560547,1,0.99664164,1,0.99609375,1,3,1,1,1
raw_fire_relabel_dp_20523.jpg,1,0.99560547,1,0.97666979,1,0.99414062,1,3,1,1,1
raw_fire_relabel_dp_20524.jpg,1,0.97363281,1,0.93971735,1,0.97656250,1,3,1,1,1
raw_fire_relabel_dp_20525.jpg,1,0.95117188,1,0.98861861,1,0.98925781,1,3,1,1,1
raw_fire_relabel_dp_20526.jpg,1,0.94189453,1,0.96233678,1,0.68017578,0,3,1,1,1
raw_fire_relabel_dp_20527.jpg,0,0.32006836,1,0.87206179,1,0.55664062,0,0,0,0,0
raw_fire_relabel_dp_20528.jpg,1,0.23730469,1,0.41378543,1,0.97558594,1,3,1,1,1
raw_fire_relabel_dp_20529.jpg,1,0.59472656,1,0.64219677,1,0.84423828,0,3,1,1,1
raw_fire_relabel_dp_20530.jpg,1,0.55566406,1,0.83814114,1,0.75830078,0,3,1,1,1
raw_fire_relabel_dp_20531.jpg,1,0.92285156,1,0.89548099,1,0.99560547,1,3,1,1,1
raw_fire_relabel_dp_20532.jpg,1,0.96191406,1,0.95196986,1,0.99609375,1,3,1,1,1
raw_fire_relabel_dp_20533.jpg,1,0.99902344,1,0.99995470,1,0.99755859,1,3,1,1,1
raw_fire_relabel_dp_20534.jpg,1,0.95654297,1,0.99185783,1,0.98583984,1,3,1,1,1
raw_fire_relabel_dp_20535.jpg,1,0.89355469,1,0.75958121,1,0.95263672,0,3,1,1,1
raw_fire_relabel_dp_20536.jpg,1,1.00000000,1,0.99988782,1,0.99707031,1,1,0,0,1
raw_fire_relabel_dp_20537.jpg,0,0.19763184,0,0.19248603,1,0.91064453,0,1,0,1,0
raw_fire_relabel_dp_20538.jpg,1,0.94189453,1,0.97794640,1,0.71289062,0,3,1,1,1
raw_fire_relabel_dp_20539.jpg,1,0.98046875,1,0.92529798,1,0.99609375,1,2,0,1,1
raw_fire_relabel_dp_20540.jpg,1,1.00000000,1,0.99994957,1,0.99755859,1,3,1,1,1
raw_fire_relabel_dp_20541.jpg,1,0.94482422,1,0.39710274,1,0.97949219,1,3,1,1,1
raw_fire_relabel_dp_20542.jpg,1,0.99658203,1,0.94743186,1,0.99804688,1,3,1,1,1
raw_fire_relabel_dp_20543.jpg,1,0.99511719,1,0.99989760,1,0.96289062,0,3,1,1,1
raw_fire_relabel_dp_20544.jpg,0,0.42773438,1,0.16482721,1,0.62988281,0,0,0,0,0
raw_fire_relabel_dp_20545.jpg,1,0.99804688,1,0.99642915,1,0.99560547,1,3,1,1,1
raw_fire_relabel_dp_20546.jpg,1,0.99902344,1,0.99980038,1,0.92333984,0,3,1,1,1
raw_fire_relabel_dp_20547.jpg,1,0.94433594,1,0.97127545,1,0.97460938,1,3,1,1,1
raw_fire_relabel_dp_20548.jpg,1,0.83740234,1,0.70600832,1,0.95800781,0,3,1,1,1
raw_fire_relabel_dp_20549.jpg,1,0.26293945,1,0.17212370,1,0.76074219,0,1,1,0,0
raw_fire_relabel_dp_20550.jpg,1,0.98730469,1,0.96481633,1,0.97412109,1,2,1,0,1
raw_fire_relabel_dp_20551.jpg,1,0.96386719,1,0.91861564,1,0.99755859,1,3,1,1,1
raw_fire_relabel_dp_20552.jpg,0,0.00545502,0,0.19689794,1,-1.00000000,0,0,0,0,0
raw_fire_relabel_dp_20553.jpg,1,0.98095703,1,0.96970862,1,0.98779297,1,3,1,1,1
raw_fire_relabel_dp_20554.jpg,1,0.97949219,1,0.82341057,1,0.99951172,1,3,1,1,1
raw_fire_relabel_dp_20555.jpg,1,0.99023438,1,0.92307961,1,0.97216797,1,2,0,1,1
raw_fire_relabel_dp_20556.jpg,1,0.96679688,1,0.99952590,1,0.99560547,1,3,1,1,1
raw_fire_relabel_dp_20557.jpg,0,0.08099365,0,0.45996132,1,0.94580078,0,3,1,1,1
raw_fire_relabel_dp_20558.jpg,1,0.97949219,1,0.97689372,1,0.99267578,1,3,1,1,1
raw_fire_relabel_dp_20559.jpg,1,0.98925781,1,0.93292677,1,0.96044922,0,3,1,1,1
raw_fire_relabel_dp_20560.jpg,1,0.99169922,1,0.98070574,1,0.98388672,1,3,1,1,1
raw_fire_relabel_dp_20561.jpg,1,0.99853516,1,0.99889886,1,0.99511719,1,3,1,1,1
raw_fire_relabel_dp_20562.jpg,1,0.92382812,1,0.99840266,1,0.98828125,1,3,1,1,1
raw_fire_relabel_dp_20563.jpg,0,0.85449219,1,0.96881783,1,0.95800781,0,0,0,0,0
raw_fire_relabel_dp_20564.jpg,1,0.87646484,1,0.76636505,1,0.97021484,1,1,0,0,1
raw_fire_relabel_dp_20565.jpg,1,0.71337891,1,0.89028490,1,0.93554688,0,3,1,1,1
raw_fire_relabel_dp_20566.jpg,1,0.90380859,1,0.99987614,1,0.92480469,0,3,1,1,1
raw_fire_relabel_dp_20567.jpg,1,0.93066406,1,0.99981779,1,0.99755859,1,3,1,1,1
raw_fire_relabel_dp_20568.jpg,1,0.99902344,1,0.99820399,1,0.99462891,1,3,1,1,1
raw_fire_relabel_dp_20569.jpg,1,0.45678711,1,0.14113215,1,0.93554688,0,3,1,1,1
raw_fire_relabel_dp_20588.jpg,1,0.90771484,1,0.99366367,1,0.89990234,0,3,1,1,1
raw_fire_relabel_dp_20589.jpg,1,0.99462891,1,0.99985123,1,0.98339844,1,3,1,1,1
raw_fire_relabel_dp_20590.jpg,1,0.30761719,1,0.83339506,1,0.82519531,0,2,0,1,1
raw_fire_relabel_dp_20591.jpg,1,0.96533203,1,0.96833169,1,0.98681641,1,3,1,1,1
raw_fire_relabel_dp_20592.jpg,1,0.95166016,1,0.98781538,1,0.98779297,1,3,1,1,1
raw_fire_relabel_dp_20593.jpg,1,0.99560547,1,0.99334466,1,0.99414062,1,3,1,1,1
raw_fire_relabel_dp_20594.jpg,1,0.99462891,1,0.88471347,1,0.99121094,1,2,1,0,1
raw_fire_relabel_dp_20595.jpg,1,0.86425781,1,0.97802395,1,0.99121094,1,3,1,1,1
raw_fire_relabel_dp_20596.jpg,1,0.98144531,1,0.71451986,1,0.91406250,0,3,1,1,1
raw_fire_relabel_dp_20597.png,1,1.00000000,1,0.99925584,1,0.99951172,1,3,1,1,1
raw_fire_relabel_dp_20598.jpg,1,0.56152344,1,0.78654599,1,0.88085938,0,3,1,1,1
raw_fire_relabel_dp_20599.jpg,1,0.97949219,1,0.90054381,1,0.82763672,0,3,1,1,1
raw_fire_relabel_dp_20600.jpg,1,0.99365234,1,0.91167003,1,0.99511719,1,3,1,1,1
raw_fire_relabel_dp_20601.png,1,0.99511719,1,0.97842628,1,0.99951172,1,3,1,1,1
raw_fire_relabel_dp_20602.jpg,1,0.83447266,1,0.99095374,1,0.99169922,1,3,1,1,1
raw_fire_relabel_dp_20603.jpg,0,0.01212311,0,0.06740703,0,-1.00000000,0,0,0,0,0
raw_fire_relabel_dp_20604.jpg,1,0.67382812,1,0.20971620,1,0.68945312,0,3,1,1,1
raw_fire_relabel_dp_20605.jpg,1,0.99902344,1,0.99697149,1,0.99804688,1,2,0,1,1
raw_fire_relabel_dp_20606.jpg,1,0.92724609,1,0.94022423,1,0.93066406,0,3,1,1,1
raw_fire_relabel_dp_20607.jpg,1,0.99853516,1,0.99613947,1,0.99658203,1,3,1,1,1
raw_fire_relabel_dp_20608.jpg,1,0.51953125,1,0.99156559,1,0.98730469,1,3,1,1,1
raw_fire_relabel_dp_20609.jpg,0,0.03573608,0,0.20528616,1,0.37695312,0,1,1,0,0
raw_fire_relabel_dp_20610.jpg,1,0.91259766,1,0.49210325,1,0.99951172,1,1,0,0,1
raw_fire_relabel_dp_20611.jpg,0,0.91894531,1,0.72933799,1,0.68798828,0,0,0,0,0
raw_fire_relabel_dp_20612.jpg,1,0.57812500,1,0.90238696,1,0.03210449,0,2,1,0,1
raw_fire_relabel_dp_20613.jpg,0,0.73828125,1,0.88385653,1,0.75146484,0,0,0,0,0
raw_fire_relabel_dp_20614.jpg,1,0.87695312,1,0.68904626,1,0.99316406,1,3,1,1,1
raw_fire_relabel_dp_20615.jpg,1,0.99707031,1,0.99996805,1,0.99853516,1,1,0,0,1
raw_fire_relabel_dp_20616.jpg,1,0.91699219,1,0.91102874,1,0.63720703,0,3,1,1,1
raw_fire_relabel_dp_20617.jpg,1,0.74218750,1,0.49111527,1,0.81689453,0,3,1,1,1
raw_fire_relabel_dp_20618.jpg,1,0.99951172,1,0.99978119,1,0.99902344,1,3,1,1,1
raw_fire_relabel_dp_20619.jpg,1,0.99414062,1,0.99994791,1,0.99755859,1,3,1,1,1
raw_fire_relabel_dp_20620.jpg,0,0.16174316,0,0.21093485,1,0.36181641,0,0,0,0,0
raw_fire_relabel_dp_20621.jpg,1,0.99804688,1,0.96466178,1,0.89697266,0,2,0,1,1
raw_fire_relabel_dp_20622.jpg,1,0.56542969,1,0.32074261,1,0.87304688,0,2,1,1,0
raw_fire_relabel_dp_20623.jpg,1,0.96777344,1,0.49932036,1,0.98291016,1,3,1,1,1
raw_fire_relabel_dp_20624.jpg,1,0.98046875,1,0.98446769,1,0.99511719,1,3,1,1,1
raw_fire_relabel_dp_20625.jpg,1,0.84814453,1,0.64391690,1,0.89208984,0,3,1,1,1
raw_fire_relabel_dp_20626.jpg,1,0.83105469,1,0.61398703,1,0.59130859,0,3,1,1,1
raw_fire_relabel_dp_20627.jpg,0,0.44604492,1,0.78177845,1,0.70361328,0,0,0,0,0
raw_fire_relabel_dp_20628.jpg,1,0.98730469,1,0.97744691,1,0.99755859,1,3,1,1,1
raw_fire_relabel_dp_20629.jpg,1,0.98486328,1,0.99961132,1,0.95556641,0,2,1,1,0
raw_fire_relabel_dp_20630.jpg,1,0.99414062,1,0.99090147,1,0.98876953,1,3,1,1,1
raw_fire_relabel_dp_20631.jpg,1,0.99658203,1,0.99986172,1,0.99902344,1,2,1,0,1
raw_fire_relabel_dp_20632.jpg,1,0.98779297,1,0.79523832,1,0.98925781,1,3,1,1,1
raw_fire_relabel_dp_20633.jpg,1,0.22998047,1,0.99768102,1,0.88427734,0,1,0,0,1
raw_fire_relabel_dp_20634.jpg,1,0.76220703,1,0.97556710,1,0.46630859,0,1,0,0,1
raw_fire_relabel_dp_20635.jpg,1,0.93798828,1,0.98602039,1,0.99853516,1,3,1,1,1
raw_fire_relabel_dp_20636.jpg,1,0.99804688,1,0.99472886,1,0.98925781,1,3,1,1,1
raw_fire_relabel_dp_20637.jpg,0,0.17150879,0,0.59811974,1,0.36889648,0,3,1,1,1
raw_fire_relabel_dp_20638.jpg,0,0.22155762,1,0.11257632,1,-1.00000000,0,0,0,0,0
raw_fire_relabel_dp_20639.png,1,0.99658203,1,0.91698551,1,0.99023438,1,3,1,1,1
raw_fire_relabel_dp_20640.jpg,1,0.94628906,1,0.63391167,1,0.98193359,1,3,1,1,1
raw_fire_relabel_dp_20641.jpg,1,0.97998047,1,0.98034805,1,0.91162109,0,2,1,0,1
raw_fire_relabel_dp_20642.jpg,1,0.99951172,1,0.99958521,1,1.00000000,1,3,1,1,1
raw_fire_relabel_dp_20643.png,1,0.98388672,1,0.82945710,1,0.99951172,1,3,1,1,1
raw_fire_relabel_dp_20644.jpg,1,0.98925781,1,0.99764246,1,0.99218750,1,3,1,1,1
raw_fire_relabel_dp_20645.jpg,1,0.59619141,1,0.76040429,1,0.99462891,1,3,1,1,1
raw_fire_relabel_dp_20646.jpg,1,0.99755859,1,0.99989605,1,0.99560547,1,3,1,1,1
raw_fire_relabel_dp_20647.jpg,1,0.97607422,1,0.86418533,1,0.99707031,1,2,1,1,0
raw_fire_relabel_dp_20648.jpg,1,1.00000000,1,0.99991131,1,1.00000000,1,2,0,1,1
raw_fire_relabel_dp_20649.jpg,1,0.99902344,1,0.99604428,1,0.99218750,1,3,1,1,1
raw_fire_relabel_dp_20650.jpg,1,0.99511719,1,0.99979550,1,0.98730469,1,3,1,1,1
raw_fire_relabel_dp_20651.jpg,1,0.98583984,1,0.75417954,1,0.99755859,1,3,1,1,1
raw_fire_relabel_dp_20652.jpg,0,0.08929443,0,0.07780193,0,0.29125977,0,0,0,0,0
raw_fire_relabel_dp_20653.jpg,0,0.21093750,0,0.62093884,1,0.28344727,0,0,0,0,0
raw_fire_relabel_dp_20654.jpg,1,0.40380859,1,0.14135565,1,0.76513672,0,3,1,1,1
raw_fire_relabel_dp_20655.jpg,1,0.95605469,1,0.98889494,1,0.99462891,1,3,1,1,1
raw_fire_relabel_dp_20656.jpg,1,0.97216797,1,0.99823689,1,0.97216797,1,3,1,1,1
raw_fire_relabel_dp_20657.jpg,1,0.98828125,1,0.99820173,1,0.99804688,1,2,1,0,1
raw_fire_relabel_dp_20658.jpg,1,0.93261719,1,0.99862504,1,0.99658203,1,3,1,1,1
raw_fire_relabel_dp_20659.jpg,1,0.94189453,1,0.96487027,1,0.95947266,0,3,1,1,1
raw_fire_relabel_dp_20660.jpg,1,0.98925781,1,0.98820591,1,0.98876953,1,3,1,1,1
raw_fire_relabel_dp_20661.jpg,0,0.45458984,1,0.61092305,1,0.00333786,0,0,0,0,0
raw_fire_relabel_dp_20662.jpg,1,0.62109375,1,0.60413289,1,0.94287109,0,3,1,1,1
raw_fire_relabel_dp_20663.jpg,1,0.98437500,1,0.98897749,1,0.62548828,0,3,1,1,1
raw_fire_relabel_dp_20664.jpg,1,0.39624023,1,0.41868117,1,0.87353516,0,3,1,1,1
raw_fire_relabel_dp_20665.jpg,1,1.00000000,1,0.99993658,1,0.99951172,1,3,1,1,1
raw_fire_relabel_dp_20666.jpg,1,0.99853516,1,0.99979883,1,1.00000000,1,1,0,0,1
raw_fire_relabel_dp_20667.jpg,1,0.99023438,1,0.99569196,1,0.98779297,1,3,1,1,1
raw_fire_relabel_dp_20668.png,1,0.98925781,1,0.88640285,1,0.99804688,1,3,1,1,1
raw_fire_relabel_dp_20669.jpg,1,0.35473633,1,0.83259064,1,0.99414062,1,3,1,1,1
raw_fire_relabel_dp_20670.jpg,1,0.99951172,1,0.99994516,1,0.99316406,1,2,0,1,1
raw_fire_relabel_dp_20671.jpg,1,0.97412109,1,0.98952419,1,0.98779297,1,3,1,1,1
raw_fire_relabel_dp_20672.jpg,1,0.99804688,1,0.99998987,1,1.00000000,1,1,0,0,1
raw_fire_relabel_dp_20673.jpg,1,0.94531250,1,0.91441399,1,0.98583984,1,1,0,1,0
raw_fire_relabel_dp_20674.jpg,1,0.99365234,1,0.99997032,1,0.99853516,1,3,1,1,1
raw_fire_relabel_dp_20675.jpg,1,0.23388672,1,0.09209370,1,0.97900391,1,3,1,1,1
raw_fire_relabel_dp_20676.jpg,1,0.46875000,1,0.70000345,1,0.57177734,0,3,1,1,1
raw_fire_relabel_dp_20677.jpg,1,0.95214844,1,0.99459004,1,0.98291016,1,3,1,1,1
raw_fire_relabel_dp_20678.jpg,1,0.99218750,1,0.99977309,1,0.96289062,0,3,1,1,1
raw_fire_relabel_dp_20679.jpg,1,0.98242188,1,0.93806893,1,0.99902344,1,3,1,1,1
raw_fire_relabel_dp_20680.jpg,1,0.93408203,1,0.99373275,1,0.67578125,0,3,1,1,1
raw_fire_relabel_dp_20681.jpg,0,0.37500000,1,0.32049116,1,0.72363281,0,0,0,0,0
raw_fire_relabel_dp_20682.jpg,1,0.99951172,1,0.99964106,1,0.99853516,1,2,0,1,1
raw_fire_relabel_dp_20683.jpg,0,0.11822510,0,0.27116817,1,0.19421387,0,0,0,0,0
raw_fire_relabel_dp_20684.jpg,1,0.93066406,1,0.85382730,1,0.91796875,0,3,1,1,1
raw_fire_relabel_dp_20685.jpg,1,0.94287109,1,0.67244709,1,0.96337891,0,3,1,1,1
raw_fire_relabel_dp_20686.jpg,1,0.99658203,1,0.99760431,1,0.99707031,1,2,0,1,1
raw_fire_relabel_dp_20687.jpg,1,0.57958984,1,0.97417873,1,0.92138672,0,3,1,1,1
raw_fire_relabel_dp_20688.jpg,1,0.90429688,1,0.76892579,1,0.90136719,0,3,1,1,1
raw_fire_relabel_dp_20691.jpg,1,0.97265625,1,0.85660189,1,0.94824219,0,3,1,1,1
raw_fire_relabel_dp_20692.jpg,1,0.99902344,1,0.99230170,1,0.99560547,1,3,1,1,1
raw_fire_relabel_dp_20693.jpg,1,0.99853516,1,0.98720014,1,0.98046875,1,3,1,1,1
raw_fire_relabel_dp_20694.jpg,1,0.84472656,1,0.98067415,1,0.98730469,1,2,1,1,0
raw_fire_relabel_dp_20695.jpg,1,0.75830078,1,0.94890898,1,0.60791016,0,3,1,1,1
raw_fire_relabel_dp_20696.jpg,1,0.98291016,1,0.98626351,1,0.99414062,1,3,1,1,1
raw_fire_relabel_dp_20697.jpg,1,0.98535156,1,0.99442816,1,0.98291016,1,3,1,1,1
raw_fire_relabel_dp_20698.jpg,1,0.44384766,1,0.75835848,1,0.84375000,0,3,1,1,1
raw_fire_relabel_dp_20699.jpg,0,0.05355835,0,0.12252645,1,-1.00000000,0,0,0,0,0
raw_fire_relabel_dp_20700.jpg,1,0.95751953,1,0.99921012,1,0.99560547,1,3,1,1,1
raw_fire_relabel_dp_20701.jpg,1,0.99462891,1,0.99925166,1,0.99707031,1,3,1,1,1
raw_fire_relabel_dp_20702.jpg,1,0.99951172,1,0.99999821,1,0.99853516,1,2,1,0,1
raw_fire_relabel_dp_20703.jpg,1,0.99267578,1,0.83306772,1,0.98144531,1,3,1,1,1
raw_fire_relabel_dp_20704.jpg,1,0.94824219,1,0.99047613,1,0.99218750,1,3,1,1,1
