tau_siglip,rule,tp,fp,fn,tn,P,R,F1,is_current,is_max_f1,is_precision_leaning_Pge0.96maxR
0.0,final(rescue>=0.97),162,16,3,39,0.9101,0.9818,0.9446,False,,
0.001,final(rescue>=0.97),162,16,3,39,0.9101,0.9818,0.9446,False,,
0.0011,final(rescue>=0.97),162,16,3,39,0.9101,0.9818,0.9446,False,,
0.0015,final(rescue>=0.97),162,16,3,39,0.9101,0.9818,0.9446,False,,
0.0021,final(rescue>=0.97),162,16,3,39,0.9101,0.9818,0.9446,False,,
0.004,final(rescue>=0.97),162,16,3,39,0.9101,0.9818,0.9446,False,,
0.0046,final(rescue>=0.97),162,16,3,39,0.9101,0.9818,0.9446,False,,
0.0051,final(rescue>=0.97),162,16,3,39,0.9101,0.9818,0.9446,False,,
0.0056,final(rescue>=0.97),162,16,3,39,0.9101,0.9818,0.9446,False,,
0.0059,final(rescue>=0.97),162,16,3,39,0.9101,0.9818,0.9446,False,,
0.0095,final(rescue>=0.97),162,16,3,39,0.9101,0.9818,0.9446,False,,
0.01,final(rescue>=0.97),162,16,3,39,0.9101,0.9818,0.9446,False,,
0.0115,final(rescue>=0.97),162,16,3,39,0.9101,0.9818,0.9446,False,,
0.0189,final(rescue>=0.97),162,16,3,39,0.9101,0.9818,0.9446,False,,
0.0194,final(rescue>=0.97),162,16,3,39,0.9101,0.9818,0.9446,False,,
0.02,final(rescue>=0.97),162,16,3,39,0.9101,0.9818,0.9446,False,,
0.0224,final(rescue>=0.97),162,16,3,39,0.9101,0.9818,0.9446,False,,
0.0225,final(rescue>=0.97),162,16,3,39,0.9101,0.9818,0.9446,False,,
0.0229,final(rescue>=0.97),162,16,3,39,0.9101,0.9818,0.9446,False,,
0.0232,final(rescue>=0.97),162,16,3,39,0.9101,0.9818,0.9446,False,,
0.0258,final(rescue>=0.97),162,15,3,40,0.9153,0.9818,0.9474,False,,
0.03,final(rescue>=0.97),162,15,3,40,0.9153,0.9818,0.9474,False,,
0.031,final(rescue>=0.97),162,15,3,40,0.9153,0.9818,0.9474,False,,
0.0319,final(rescue>=0.97),162,15,3,40,0.9153,0.9818,0.9474,False,,
0.0323,final(rescue>=0.97),162,15,3,40,0.9153,0.9818,0.9474,False,,
0.0369,final(rescue>=0.97),162,15,3,40,0.9153,0.9818,0.9474,False,,
0.04,final(rescue>=0.97),162,15,3,40,0.9153,0.9818,0.9474,False,,
0.05,final(rescue>=0.97),162,15,3,40,0.9153,0.9818,0.9474,False,,
0.0533,final(rescue>=0.97),162,15,3,40,0.9153,0.9818,0.9474,False,,
0.0586,final(rescue>=0.97),162,15,3,40,0.9153,0.9818,0.9474,False,,
0.06,final(rescue>=0.97),162,15,3,40,0.9153,0.9818,0.9474,False,,
0.07,final(rescue>=0.97),162,15,3,40,0.9153,0.9818,0.9474,False,,
0.08,final(rescue>=0.97),162,15,3,40,0.9153,0.9818,0.9474,False,,
0.0806,final(rescue>=0.97),162,15,3,40,0.9153,0.9818,0.9474,False,,
0.09,final(rescue>=0.97),162,14,3,41,0.9205,0.9818,0.9501,False,,
0.1,final(rescue>=0.97),162,14,3,41,0.9205,0.9818,0.9501,False,,
0.11,final(rescue>=0.97),162,14,3,41,0.9205,0.9818,0.9501,False,,
0.12,final(rescue>=0.97),162,14,3,41,0.9205,0.9818,0.9501,False,,
0.13,final(rescue>=0.97),162,14,3,41,0.9205,0.9818,0.9501,False,,
0.1346,final(rescue>=0.97),162,14,3,41,0.9205,0.9818,0.9501,False,,
0.1376,final(rescue>=0.97),162,13,3,42,0.9257,0.9818,0.9529,False,,
0.1392,final(rescue>=0.97),162,12,3,43,0.931,0.9818,0.9558,False,,
0.14,final(rescue>=0.97),162,12,3,43,0.931,0.9818,0.9558,False,,
0.15,final(rescue>=0.97),162,12,3,43,0.931,0.9818,0.9558,False,,
0.152,final(rescue>=0.97),162,12,3,43,0.931,0.9818,0.9558,False,,
0.1554,final(rescue>=0.97),162,11,3,44,0.9364,0.9818,0.9586,False,,
0.16,final(rescue>=0.97),162,11,3,44,0.9364,0.9818,0.9586,False,,
0.17,final(rescue>=0.97),162,11,3,44,0.9364,0.9818,0.9586,False,,
0.1708,final(rescue>=0.97),162,10,3,45,0.9419,0.9818,0.9614,False,,
0.1749,final(rescue>=0.97),162,10,3,45,0.9419,0.9818,0.9614,False,,
0.18,final(rescue>=0.97),162,10,3,45,0.9419,0.9818,0.9614,False,,
0.1827,final(rescue>=0.97),162,10,3,45,0.9419,0.9818,0.9614,False,,
0.1893,final(rescue>=0.97),162,10,3,45,0.9419,0.9818,0.9614,False,,
0.19,final(rescue>=0.97),162,10,3,45,0.9419,0.9818,0.9614,False,,
0.1913,final(rescue>=0.97),162,10,3,45,0.9419,0.9818,0.9614,False,,
0.1956,final(rescue>=0.97),162,10,3,45,0.9419,0.9818,0.9614,False,,
0.2,final(rescue>=0.97),162,10,3,45,0.9419,0.9818,0.9614,False,,
0.21,final(rescue>=0.97),162,10,3,45,0.9419,0.9818,0.9614,False,,
0.2108,final(rescue>=0.97),162,10,3,45,0.9419,0.9818,0.9614,False,,
0.22,final(rescue>=0.97),162,9,3,46,0.9474,0.9818,0.9643,True,True,
0.23,final(rescue>=0.97),162,9,3,46,0.9474,0.9818,0.9643,False,,
0.2301,final(rescue>=0.97),162,9,3,46,0.9474,0.9818,0.9643,False,,
0.2335,final(rescue>=0.97),161,9,4,46,0.9471,0.9758,0.9612,False,,
0.24,final(rescue>=0.97),161,9,4,46,0.9471,0.9758,0.9612,False,,
0.25,final(rescue>=0.97),161,9,4,46,0.9471,0.9758,0.9612,False,,
0.26,final(rescue>=0.97),161,9,4,46,0.9471,0.9758,0.9612,False,,
0.27,final(rescue>=0.97),161,9,4,46,0.9471,0.9758,0.9612,False,,
0.28,final(rescue>=0.97),161,9,4,46,0.9471,0.9758,0.9612,False,,
0.2822,final(rescue>=0.97),161,9,4,46,0.9471,0.9758,0.9612,False,,
0.2825,final(rescue>=0.97),159,9,6,46,0.9464,0.9636,0.955,False,,
0.29,final(rescue>=0.97),159,9,6,46,0.9464,0.9636,0.955,False,,
0.2952,final(rescue>=0.97),159,9,6,46,0.9464,0.9636,0.955,False,,
0.3,final(rescue>=0.97),159,9,6,46,0.9464,0.9636,0.955,False,,
0.3015,final(rescue>=0.97),159,9,6,46,0.9464,0.9636,0.955,False,,
0.3032,final(rescue>=0.97),158,9,7,46,0.9461,0.9576,0.9518,False,,
0.3057,final(rescue>=0.97),157,9,8,46,0.9458,0.9515,0.9486,False,,
0.31,final(rescue>=0.97),157,9,8,46,0.9458,0.9515,0.9486,False,,
0.32,final(rescue>=0.97),157,9,8,46,0.9458,0.9515,0.9486,False,,
0.3274,final(rescue>=0.97),157,9,8,46,0.9458,0.9515,0.9486,False,,
0.33,final(rescue>=0.97),157,9,8,46,0.9458,0.9515,0.9486,False,,
0.34,final(rescue>=0.97),157,9,8,46,0.9458,0.9515,0.9486,False,,
0.35,final(rescue>=0.97),157,9,8,46,0.9458,0.9515,0.9486,False,,
0.36,final(rescue>=0.97),157,9,8,46,0.9458,0.9515,0.9486,False,,
0.37,final(rescue>=0.97),157,9,8,46,0.9458,0.9515,0.9486,False,,
0.38,final(rescue>=0.97),157,9,8,46,0.9458,0.9515,0.9486,False,,
0.39,final(rescue>=0.97),157,9,8,46,0.9458,0.9515,0.9486,False,,
0.3914,final(rescue>=0.97),156,9,9,46,0.9455,0.9455,0.9455,False,,
0.3955,final(rescue>=0.97),156,9,9,46,0.9455,0.9455,0.9455,False,,
0.4,final(rescue>=0.97),156,8,9,47,0.9512,0.9455,0.9483,False,,
0.41,final(rescue>=0.97),156,8,9,47,0.9512,0.9455,0.9483,False,,
0.4114,final(rescue>=0.97),155,8,10,47,0.9509,0.9394,0.9451,False,,
0.42,final(rescue>=0.97),155,8,10,47,0.9509,0.9394,0.9451,False,,
0.43,final(rescue>=0.97),155,8,10,47,0.9509,0.9394,0.9451,False,,
0.4302,final(rescue>=0.97),154,8,11,47,0.9506,0.9333,0.9419,False,,
0.4348,final(rescue>=0.97),154,8,11,47,0.9506,0.9333,0.9419,False,,
0.44,final(rescue>=0.97),153,8,12,47,0.9503,0.9273,0.9387,False,,
0.45,final(rescue>=0.97),153,8,12,47,0.9503,0.9273,0.9387,False,,
0.4546,final(rescue>=0.97),153,8,12,47,0.9503,0.9273,0.9387,False,,
0.46,final(rescue>=0.97),153,8,12,47,0.9503,0.9273,0.9387,False,,
0.47,final(rescue>=0.97),153,8,12,47,0.9503,0.9273,0.9387,False,,
0.48,final(rescue>=0.97),153,8,12,47,0.9503,0.9273,0.9387,False,,
0.49,final(rescue>=0.97),153,8,12,47,0.9503,0.9273,0.9387,False,,
0.5,final(rescue>=0.97),153,8,12,47,0.9503,0.9273,0.9387,False,,
0.5044,final(rescue>=0.97),152,8,13,47,0.95,0.9212,0.9354,False,,
0.51,final(rescue>=0.97),152,8,13,47,0.95,0.9212,0.9354,False,,
0.52,final(rescue>=0.97),152,8,13,47,0.95,0.9212,0.9354,False,,
0.5293,final(rescue>=0.97),151,8,14,47,0.9497,0.9152,0.9321,False,,
0.53,final(rescue>=0.97),151,8,14,47,0.9497,0.9152,0.9321,False,,
0.5386,final(rescue>=0.97),151,8,14,47,0.9497,0.9152,0.9321,False,,
0.54,final(rescue>=0.97),151,8,14,47,0.9497,0.9152,0.9321,False,,
0.55,final(rescue>=0.97),151,8,14,47,0.9497,0.9152,0.9321,False,,
0.5518,final(rescue>=0.97),150,7,15,48,0.9554,0.9091,0.9317,False,,
0.5532,final(rescue>=0.97),150,7,15,48,0.9554,0.9091,0.9317,False,,
0.5542,final(rescue>=0.97),149,6,16,49,0.9613,0.903,0.9313,False,,True
0.56,final(rescue>=0.97),149,6,16,49,0.9613,0.903,0.9313,False,,
0.562,final(rescue>=0.97),149,6,16,49,0.9613,0.903,0.9313,False,,
0.5649,final(rescue>=0.97),149,5,16,50,0.9675,0.903,0.9342,False,,
0.57,final(rescue>=0.97),149,4,16,51,0.9739,0.903,0.9371,False,,
0.5718,final(rescue>=0.97),148,4,17,51,0.9737,0.897,0.9338,False,,
0.5728,final(rescue>=0.97),147,4,18,51,0.9735,0.8909,0.9304,False,,
0.58,final(rescue>=0.97),147,4,18,51,0.9735,0.8909,0.9304,False,,
0.5845,final(rescue>=0.97),147,4,18,51,0.9735,0.8909,0.9304,False,,
0.59,final(rescue>=0.97),147,4,18,51,0.9735,0.8909,0.9304,False,,
0.5928,final(rescue>=0.97),147,4,18,51,0.9735,0.8909,0.9304,False,,
0.5947,final(rescue>=0.97),147,4,18,51,0.9735,0.8909,0.9304,False,,
0.5972,final(rescue>=0.97),146,4,19,51,0.9733,0.8848,0.927,False,,
0.6,final(rescue>=0.97),146,4,19,51,0.9733,0.8848,0.927,False,,
0.6006,final(rescue>=0.97),146,4,19,51,0.9733,0.8848,0.927,False,,
0.6045,final(rescue>=0.97),145,4,20,51,0.9732,0.8788,0.9236,False,,
0.61,final(rescue>=0.97),145,4,20,51,0.9732,0.8788,0.9236,False,,
0.62,final(rescue>=0.97),145,4,20,51,0.9732,0.8788,0.9236,False,,
0.6211,final(rescue>=0.97),145,3,20,52,0.9797,0.8788,0.9265,False,,
0.6279,final(rescue>=0.97),145,3,20,52,0.9797,0.8788,0.9265,False,,
0.63,final(rescue>=0.97),144,3,21,52,0.9796,0.8727,0.9231,False,,
0.6309,final(rescue>=0.97),144,3,21,52,0.9796,0.8727,0.9231,False,,
0.64,final(rescue>=0.97),144,3,21,52,0.9796,0.8727,0.9231,False,,
0.6445,final(rescue>=0.97),144,3,21,52,0.9796,0.8727,0.9231,False,,
0.65,final(rescue>=0.97),143,3,22,52,0.9795,0.8667,0.9196,False,,
0.6538,final(rescue>=0.97),143,3,22,52,0.9795,0.8667,0.9196,False,,
0.6548,final(rescue>=0.97),143,3,22,52,0.9795,0.8667,0.9196,False,,
0.6587,final(rescue>=0.97),142,3,23,52,0.9793,0.8606,0.9161,False,,
0.66,final(rescue>=0.97),142,3,23,52,0.9793,0.8606,0.9161,False,,
0.67,final(rescue>=0.97),142,3,23,52,0.9793,0.8606,0.9161,False,,
0.6738,final(rescue>=0.97),142,3,23,52,0.9793,0.8606,0.9161,False,,
0.68,final(rescue>=0.97),141,3,24,52,0.9792,0.8545,0.9126,False,,
0.6816,final(rescue>=0.97),141,3,24,52,0.9792,0.8545,0.9126,False,,
0.6865,final(rescue>=0.97),140,3,25,52,0.979,0.8485,0.9091,False,,
0.6885,final(rescue>=0.97),138,3,27,52,0.9787,0.8364,0.902,False,,
0.69,final(rescue>=0.97),138,3,27,52,0.9787,0.8364,0.902,False,,
0.6953,final(rescue>=0.97),138,3,27,52,0.9787,0.8364,0.902,False,,
0.6987,final(rescue>=0.97),138,3,27,52,0.9787,0.8364,0.902,False,,
0.7,final(rescue>=0.97),138,3,27,52,0.9787,0.8364,0.902,False,,
0.7031,final(rescue>=0.97),138,3,27,52,0.9787,0.8364,0.902,False,,
0.7056,final(rescue>=0.97),136,3,29,52,0.9784,0.8242,0.8947,False,,
0.71,final(rescue>=0.97),136,3,29,52,0.9784,0.8242,0.8947,False,,
0.7158,final(rescue>=0.97),136,3,29,52,0.9784,0.8242,0.8947,False,,
0.72,final(rescue>=0.97),136,3,29,52,0.9784,0.8242,0.8947,False,,
0.73,final(rescue>=0.97),136,3,29,52,0.9784,0.8242,0.8947,False,,
0.7354,final(rescue>=0.97),136,3,29,52,0.9784,0.8242,0.8947,False,,
0.74,final(rescue>=0.97),136,3,29,52,0.9784,0.8242,0.8947,False,,
0.7485,final(rescue>=0.97),136,3,29,52,0.9784,0.8242,0.8947,False,,
0.75,final(rescue>=0.97),135,3,30,52,0.9783,0.8182,0.8911,False,,
0.7549,final(rescue>=0.97),134,3,31,52,0.9781,0.8121,0.8874,False,,
0.7563,final(rescue>=0.97),134,3,31,52,0.9781,0.8121,0.8874,False,,
0.7583,final(rescue>=0.97),133,3,32,52,0.9779,0.8061,0.8837,False,,
0.76,final(rescue>=0.97),132,3,33,52,0.9778,0.8,0.88,False,,
0.7617,final(rescue>=0.97),132,3,33,52,0.9778,0.8,0.88,False,,
0.7651,final(rescue>=0.97),131,3,34,52,0.9776,0.7939,0.8763,False,,
0.7666,final(rescue>=0.97),130,3,35,52,0.9774,0.7879,0.8725,False,,
0.769,final(rescue>=0.97),129,3,36,52,0.9773,0.7818,0.8687,False,,
0.77,final(rescue>=0.97),129,3,36,52,0.9773,0.7818,0.8687,False,,
0.78,final(rescue>=0.97),129,3,36,52,0.9773,0.7818,0.8687,False,,
0.7866,final(rescue>=0.97),129,3,36,52,0.9773,0.7818,0.8687,False,,
0.7886,final(rescue>=0.97),128,3,37,52,0.9771,0.7758,0.8649,False,,
0.79,final(rescue>=0.97),128,3,37,52,0.9771,0.7758,0.8649,False,,
0.8,final(rescue>=0.97),128,3,37,52,0.9771,0.7758,0.8649,False,,
0.8081,final(rescue>=0.97),128,3,37,52,0.9771,0.7758,0.8649,False,,
0.81,final(rescue>=0.97),128,3,37,52,0.9771,0.7758,0.8649,False,,
0.8145,final(rescue>=0.97),127,3,38,52,0.9769,0.7697,0.861,False,,
0.8164,final(rescue>=0.97),127,3,38,52,0.9769,0.7697,0.861,False,,
0.82,final(rescue>=0.97),127,3,38,52,0.9769,0.7697,0.861,False,,
0.8203,final(rescue>=0.97),127,3,38,52,0.9769,0.7697,0.861,False,,
0.8223,final(rescue>=0.97),124,2,41,53,0.9841,0.7515,0.8522,False,,
0.83,final(rescue>=0.97),124,2,41,53,0.9841,0.7515,0.8522,False,,
0.832,final(rescue>=0.97),124,2,41,53,0.9841,0.7515,0.8522,False,,
0.8335,final(rescue>=0.97),123,2,42,53,0.984,0.7455,0.8483,False,,
0.84,final(rescue>=0.97),123,2,42,53,0.984,0.7455,0.8483,False,,
0.8408,final(rescue>=0.97),123,2,42,53,0.984,0.7455,0.8483,False,,
0.8452,final(rescue>=0.97),122,2,43,53,0.9839,0.7394,0.8443,False,,
0.8467,final(rescue>=0.97),121,2,44,53,0.9837,0.7333,0.8403,False,,
0.8472,final(rescue>=0.97),120,2,45,53,0.9836,0.7273,0.8362,False,,
0.85,final(rescue>=0.97),120,2,45,53,0.9836,0.7273,0.8362,False,,
0.8545,final(rescue>=0.97),120,2,45,53,0.9836,0.7273,0.8362,False,,
0.86,final(rescue>=0.97),120,2,45,53,0.9836,0.7273,0.8362,False,,
0.8638,final(rescue>=0.97),120,2,45,53,0.9836,0.7273,0.8362,False,,
0.8691,final(rescue>=0.97),120,2,45,53,0.9836,0.7273,0.8362,False,,
0.87,final(rescue>=0.97),120,2,45,53,0.9836,0.7273,0.8362,False,,
0.8711,final(rescue>=0.97),120,1,45,54,0.9917,0.7273,0.8392,False,,
0.877,final(rescue>=0.97),120,1,45,54,0.9917,0.7273,0.8392,False,,
0.8779,final(rescue>=0.97),120,1,45,54,0.9917,0.7273,0.8392,False,,
0.88,final(rescue>=0.97),120,1,45,54,0.9917,0.7273,0.8392,False,,
0.8823,final(rescue>=0.97),120,1,45,54,0.9917,0.7273,0.8392,False,,
0.8887,final(rescue>=0.97),119,1,46,54,0.9917,0.7212,0.8351,False,,
0.89,final(rescue>=0.97),119,1,46,54,0.9917,0.7212,0.8351,False,,
0.8921,final(rescue>=0.97),118,1,47,54,0.9916,0.7152,0.831,False,,
0.8931,final(rescue>=0.97),117,1,48,54,0.9915,0.7091,0.8269,False,,
0.894,final(rescue>=0.97),117,1,48,54,0.9915,0.7091,0.8269,False,,
0.9,final(rescue>=0.97),117,1,48,54,0.9915,0.7091,0.8269,False,,
0.9033,final(rescue>=0.97),117,1,48,54,0.9915,0.7091,0.8269,False,,
0.9092,final(rescue>=0.97),115,1,50,54,0.9914,0.697,0.8185,False,,
0.91,final(rescue>=0.97),115,1,50,54,0.9914,0.697,0.8185,False,,
0.9146,final(rescue>=0.97),115,1,50,54,0.9914,0.697,0.8185,False,,
0.916,final(rescue>=0.97),115,1,50,54,0.9914,0.697,0.8185,False,,
0.917,final(rescue>=0.97),113,1,52,54,0.9912,0.6848,0.81,False,,
0.918,final(rescue>=0.97),112,1,53,54,0.9912,0.6788,0.8058,False,,
0.9185,final(rescue>=0.97),112,1,53,54,0.9912,0.6788,0.8058,False,,
0.9194,final(rescue>=0.97),112,1,53,54,0.9912,0.6788,0.8058,False,,
0.92,final(rescue>=0.97),112,1,53,54,0.9912,0.6788,0.8058,False,,
0.9224,final(rescue>=0.97),112,1,53,54,0.9912,0.6788,0.8058,False,,
0.9248,final(rescue>=0.97),112,1,53,54,0.9912,0.6788,0.8058,False,,
0.9268,final(rescue>=0.97),111,0,54,55,1.0,0.6727,0.8043,False,,
0.93,final(rescue>=0.97),111,0,54,55,1.0,0.6727,0.8043,False,,
0.9331,final(rescue>=0.97),111,0,54,55,1.0,0.6727,0.8043,False,,
0.9351,final(rescue>=0.97),110,0,55,55,1.0,0.6667,0.8,False,,
0.9375,final(rescue>=0.97),110,0,55,55,1.0,0.6667,0.8,False,,
0.9395,final(rescue>=0.97),108,0,57,55,1.0,0.6545,0.7912,False,,
0.9399,final(rescue>=0.97),108,0,57,55,1.0,0.6545,0.7912,False,,
0.94,final(rescue>=0.97),107,0,58,55,1.0,0.6485,0.7868,False,,
0.9409,final(rescue>=0.97),107,0,58,55,1.0,0.6485,0.7868,False,,
0.9438,final(rescue>=0.97),106,0,59,55,1.0,0.6424,0.7823,False,,
0.9448,final(rescue>=0.97),105,0,60,55,1.0,0.6364,0.7778,False,,
0.9453,final(rescue>=0.97),105,0,60,55,1.0,0.6364,0.7778,False,,
0.9482,final(rescue>=0.97),103,0,62,55,1.0,0.6242,0.7687,False,,
0.95,final(rescue>=0.97),102,0,63,55,1.0,0.6182,0.764,False,,
0.9502,final(rescue>=0.97),102,0,63,55,1.0,0.6182,0.764,False,,
0.9561,final(rescue>=0.97),102,0,63,55,1.0,0.6182,0.764,False,,
0.9595,final(rescue>=0.97),101,0,64,55,1.0,0.6121,0.7594,False,,
0.96,final(rescue>=0.97),101,0,64,55,1.0,0.6121,0.7594,False,,
0.9624,final(rescue>=0.97),101,0,64,55,1.0,0.6121,0.7594,False,,
0.9629,final(rescue>=0.97),100,0,65,55,1.0,0.6061,0.7547,False,,
0.97,final(rescue>=0.97),100,0,65,55,1.0,0.6061,0.7547,False,,
0.9702,final(rescue>=0.97),100,0,65,55,1.0,0.6061,0.7547,False,,
0.9722,final(rescue>=0.97),98,0,67,55,1.0,0.5939,0.7452,False,,
0.9731,final(rescue>=0.97),98,0,67,55,1.0,0.5939,0.7452,False,,
0.9761,final(rescue>=0.97),97,0,68,55,1.0,0.5879,0.7405,False,,
0.9766,final(rescue>=0.97),97,0,68,55,1.0,0.5879,0.7405,False,,
0.9771,final(rescue>=0.97),97,0,68,55,1.0,0.5879,0.7405,False,,
0.978,final(rescue>=0.97),97,0,68,55,1.0,0.5879,0.7405,False,,
0.979,final(rescue>=0.97),97,0,68,55,1.0,0.5879,0.7405,False,,
0.9795,final(rescue>=0.97),97,0,68,55,1.0,0.5879,0.7405,False,,
0.98,final(rescue>=0.97),97,0,68,55,1.0,0.5879,0.7405,False,,
0.981,final(rescue>=0.97),96,0,69,55,1.0,0.5818,0.7356,False,,
0.9814,final(rescue>=0.97),96,0,69,55,1.0,0.5818,0.7356,False,,
0.9819,final(rescue>=0.97),95,0,70,55,1.0,0.5758,0.7308,False,,
0.9839,final(rescue>=0.97),95,0,70,55,1.0,0.5758,0.7308,False,,
0.9849,final(rescue>=0.97),95,0,70,55,1.0,0.5758,0.7308,False,,
0.9858,final(rescue>=0.97),95,0,70,55,1.0,0.5758,0.7308,False,,
0.9888,final(rescue>=0.97),95,0,70,55,1.0,0.5758,0.7308,False,,
0.9893,final(rescue>=0.97),95,0,70,55,1.0,0.5758,0.7308,False,,
0.99,final(rescue>=0.97),95,0,70,55,1.0,0.5758,0.7308,False,,
0.9902,final(rescue>=0.97),95,0,70,55,1.0,0.5758,0.7308,False,,
0.9907,final(rescue>=0.97),95,0,70,55,1.0,0.5758,0.7308,False,,
0.9912,final(rescue>=0.97),95,0,70,55,1.0,0.5758,0.7308,False,,
0.9917,final(rescue>=0.97),94,0,71,55,1.0,0.5697,0.7259,False,,
0.9922,final(rescue>=0.97),94,0,71,55,1.0,0.5697,0.7259,False,,
0.9927,final(rescue>=0.97),94,0,71,55,1.0,0.5697,0.7259,False,,
0.9932,final(rescue>=0.97),94,0,71,55,1.0,0.5697,0.7259,False,,
0.9941,final(rescue>=0.97),94,0,71,55,1.0,0.5697,0.7259,False,,
0.9946,final(rescue>=0.97),93,0,72,55,1.0,0.5636,0.7209,False,,
0.9956,final(rescue>=0.97),92,0,73,55,1.0,0.5576,0.716,False,,
0.9966,final(rescue>=0.97),91,0,74,55,1.0,0.5515,0.7109,False,,
0.9976,final(rescue>=0.97),91,0,74,55,1.0,0.5515,0.7109,False,,
0.998,final(rescue>=0.97),91,0,74,55,1.0,0.5515,0.7109,False,,
0.9985,final(rescue>=0.97),91,0,74,55,1.0,0.5515,0.7109,False,,
0.999,final(rescue>=0.97),91,0,74,55,1.0,0.5515,0.7109,False,,
0.9995,final(rescue>=0.97),91,0,74,55,1.0,0.5515,0.7109,False,,
1.0,final(rescue>=0.97),91,0,74,55,1.0,0.5515,0.7109,False,,
