image_path,image_name,label,split,label_path
C:\Users\CoirRaincoat\PyCharmMiscProject\AIcontest\AI\audit\competition_review\remediation_g1\dataset\calib\images\20250526_firesmoke_00019.jpg,20250526_firesmoke_00019.jpg,1,calib,C:\Users\CoirRaincoat\PyCharmMiscProject\AIcontest\AI\audit\competition_review\remediation_g1\dataset\calib\labels\20250526_firesmoke_00019.txt
C:\Users\CoirRaincoat\PyCharmMiscProject\AIcontest\AI\audit\competition_review\remediation_g1\dataset\calib\images\20250526_firesmoke_00338.jpg,20250526_firesmoke_00338.jpg,1,calib,C:\Users\CoirRaincoat\PyCharmMiscProject\AIcontest\AI\audit\competition_review\remediation_g1\dataset\calib\labels\20250526_firesmoke_00338.txt
C:\Users\CoirRaincoat\PyCharmMiscProject\AIcontest\AI\audit\competition_review\remediation_g1\dataset\calib\images\20260116_fs_sjt_00014.jpg,20260116_fs_sjt_00014.jpg,1,calib,C:\Users\CoirRaincoat\PyCharmMiscProject\AIcontest\AI\audit\competition_review\remediation_g1\dataset\calib\labels\20260116_fs_sjt_00014.txt
C:\Users\CoirRaincoat\PyCharmMiscProject\AIcontest\AI\audit\competition_review\remediation_g1\dataset\calib\images\20260116_fs_sjt_00029.jpg,20260116_fs_sjt_00029.jpg,1,calib,C:\Users\CoirRaincoat\PyCharmMiscProject\AIcontest\AI\audit\competition_review\remediation_g1\dataset\calib\labels\20260116_fs_sjt_00029.txt
C:\Users\CoirRaincoat\PyCharmMiscProject\AIcontest\AI\audit\competition_review\remediation_g1\dataset\calib\images\20260116_fs_sjt_00076.jpg,20260116_fs_sjt_00076.jpg,0,calib,C:\Users\CoirRaincoat\PyCharmMiscProject\AIcontest\AI\audit\competition_review\remediation_g1\dataset\calib\labels\20260116_fs_sjt_00076.txt
C:\Users\CoirRaincoat\PyCharmMiscProject\AIcontest\AI\audit\competition_review\remediation_g1\dataset\calib\images\20260116_fs_sjt_00085.jpg,20260116_fs_sjt_00085.jpg,1,calib,C:\Users\CoirRaincoat\PyCharmMiscProject\AIcontest\AI\audit\competition_review\remediation_g1\dataset\calib\labels\20260116_fs_sjt_00085.txt
C:\Users\CoirRaincoat\PyCharmMiscProject\AIcontest\AI\audit\competition_review\remediation_g1\dataset\calib\images\20260116_fs_sjt_00093.jpg,20260116_fs_sjt_00093.jpg,1,calib,C:\Users\CoirRaincoat\PyCharmMiscProject\AIcontest\AI\audit\competition_review\remediation_g1\dataset\calib\labels\20260116_fs_sjt_00093.txt
C:\Users\CoirRaincoat\PyCharmMiscProject\AIcontest\AI\audit\competition_review\remediation_g1\dataset\calib\images\20260116_fs_sjt_00109.jpg,20260116_fs_sjt_00109.jpg,0,calib,C:\Users\CoirRaincoat\PyCharmMiscProject\AIcontest\AI\audit\competition_review\remediation_g1\dataset\calib\labels\20260116_fs_sjt_00109.txt
C:\Users\CoirRaincoat\PyCharmMiscProject\AIcontest\AI\audit\competition_review\remediation_g1\dataset\calib\images\20260116_fs_sjt_00115.jpg,20260116_fs_sjt_00115.jpg,1,calib,C:\Users\CoirRaincoat\PyCharmMiscProject\AIcontest\AI\audit\competition_review\remediation_g1\dataset\calib\labels\20260116_fs_sjt_00115.txt
C:\Users\CoirRaincoat\PyCharmMiscProject\AIcontest\AI\audit\competition_review\remediation_g1\dataset\calib\images\20260116_fs_sjt_00136.jpg,20260116_fs_sjt_00136.jpg,0,calib,C:\Users\CoirRaincoat\PyCharmMiscProject\AIcontest\AI\audit\competition_review\remediation_g1\dataset\calib\labels\20260116_fs_sjt_00136.txt
C:\Users\CoirRaincoat\PyCharmMiscProject\AIcontest\AI\audit\competition_review\remediation_g1\dataset\calib\images\20260116_fs_sjt_00200.jpg,20260116_fs_sjt_00200.jpg,1,calib,C:\Users\CoirRaincoat\PyCharmMiscProject\AIcontest\AI\audit\competition_review\remediation_g1\dataset\calib\labels\20260116_fs_sjt_00200.txt
C:\Users\CoirRaincoat\PyCharmMiscProject\AIcontest\AI\audit\competition_review\remediation_g1\dataset\calib\images\20260116_fs_sjt_00247.jpg,20260116_fs_sjt_00247.jpg,1,calib,C:\Users\CoirRaincoat\PyCharmMiscProject\AIcontest\AI\audit\competition_review\remediation_g1\dataset\calib\labels\20260116_fs_sjt_00247.txt
C:\Users\CoirRaincoat\PyCharmMiscProject\AIcontest\AI\audit\competition_review\remediation_g1\dataset\calib\images\20260116_fs_sjt_00275.jpg,20260116_fs_sjt_00275.jpg,1,calib,C:\Users\CoirRaincoat\PyCharmMiscProject\AIcontest\AI\audit\competition_review\remediation_g1\dataset\calib\labels\20260116_fs_sjt_00275.txt
C:\Users\CoirRaincoat\PyCharmMiscProject\AIcontest\AI\audit\competition_review\remediation_g1\dataset\calib\images\20260116_fs_sjt_00325.jpg,20260116_fs_sjt_00325.jpg,0,calib,C:\Users\CoirRaincoat\PyCharmMiscProject\AIcontest\AI\audit\competition_review\remediation_g1\dataset\calib\labels\20260116_fs_sjt_00325.txt
C:\Users\CoirRaincoat\PyCharmMiscProject\AIcontest\AI\audit\competition_review\remediation_g1\dataset\calib\images\20260116_fs_sjt_00353.jpg,20260116_fs_sjt_00353.jpg,1,calib,C:\Users\CoirRaincoat\PyCharmMiscProject\AIcontest\AI\audit\competition_review\remediation_g1\dataset\calib\labels\20260116_fs_sjt_00353.txt
C:\Users\CoirRaincoat\PyCharmMiscProject\AIcontest\AI\audit\competition_review\remediation_g1\dataset\calib\images\20260116_fs_sjt_00356.jpg,20260116_fs_sjt_00356.jpg,1,calib,C:\Users\CoirRaincoat\PyCharmMiscProject\AIcontest\AI\audit\competition_review\remediation_g1\dataset\calib\labels\20260116_fs_sjt_00356.txt
C:\Users\CoirRaincoat\PyCharmMiscProject\AIcontest\AI\audit\competition_review\remediation_g1\dataset\calib\images\20260116_fs_sjt_00359.jpg,20260116_fs_sjt_00359.jpg,1,calib,C:\Users\CoirRaincoat\PyCharmMiscProject\AIcontest\AI\audit\competition_review\remediation_g1\dataset\calib\labels\20260116_fs_sjt_00359.txt
C:\Users\CoirRaincoat\PyCharmMiscProject\AIcontest\AI\audit\competition_review\remediation_g1\dataset\calib\images\20260116_fs_sjt_00371.jpg,20260116_fs_sjt_00371.jpg,0,calib,C:\Users\CoirRaincoat\PyCharmMiscProject\AIcontest\AI\audit\competition_review\remediation_g1\dataset\calib\labels\20260116_fs_sjt_00371.txt
C:\Users\CoirRaincoat\PyCharmMiscProject\AIcontest\AI\audit\competition_review\remediation_g1\dataset\calib\images\20260116_fs_sjt_00387.jpg,20260116_fs_sjt_00387.jpg,1,calib,C:\Users\CoirRaincoat\PyCharmMiscProject\AIcontest\AI\audit\competition_review\remediation_g1\dataset\calib\labels\20260116_fs_sjt_00387.txt
C:\Users\CoirRaincoat\PyCharmMiscProject\AIcontest\AI\audit\competition_review\remediation_g1\dataset\calib\images\20260116_fs_sjt_00394.jpg,20260116_fs_sjt_00394.jpg,0,calib,C:\Users\CoirRaincoat\PyCharmMiscProject\AIcontest\AI\audit\competition_review\remediation_g1\dataset\calib\labels\20260116_fs_sjt_00394.txt
C:\Users\CoirRaincoat\PyCharmMiscProject\AIcontest\AI\audit\competition_review\remediation_g1\dataset\calib\images\20260116_fs_sjt_00404.jpg,20260116_fs_sjt_00404.jpg,0,calib,C:\Users\CoirRaincoat\PyCharmMiscProject\AIcontest\AI\audit\competition_review\remediation_g1\dataset\calib\labels\20260116_fs_sjt_00404.txt
C:\Users\CoirRaincoat\PyCharmMiscProject\AIcontest\AI\audit\competition_review\remediation_g1\dataset\calib\images\20260116_fs_sjt_00411.jpg,20260116_fs_sjt_00411.jpg,1,calib,C:\Users\CoirRaincoat\PyCharmMiscProject\AIcontest\AI\audit\competition_review\remediation_g1\dataset\calib\labels\20260116_fs_sjt_00411.txt
C:\Users\CoirRaincoat\PyCharmMiscProject\AIcontest\AI\audit\competition_review\remediation_g1\dataset\calib\images\20260116_fs_sjt_00429.jpg,20260116_fs_sjt_00429.jpg,1,calib,C:\Users\CoirRaincoat\PyCharmMiscProject\AIcontest\AI\audit\competition_review\remediation_g1\dataset\calib\labels\20260116_fs_sjt_00429.txt
C:\Users\CoirRaincoat\PyCharmMiscProject\AIcontest\AI\audit\competition_review\remediation_g1\dataset\calib\images\20260116_fs_sjt_00452.jpg,20260116_fs_sjt_00452.jpg,1,calib,C:\Users\CoirRaincoat\PyCharmMiscProject\AIcontest\AI\audit\competition_review\remediation_g1\dataset\calib\labels\20260116_fs_sjt_00452.txt
C:\Users\CoirRaincoat\PyCharmMiscProject\AIcontest\AI\audit\competition_review\remediation_g1\dataset\calib\images\20260116_fs_sjt_00540.jpg,20260116_fs_sjt_00540.jpg,0,calib,C:\Users\CoirRaincoat\PyCharmMiscProject\AIcontest\AI\audit\competition_review\remediation_g1\dataset\calib\labels\20260116_fs_sjt_00540.txt
C:\Users\CoirRaincoat\PyCharmMiscProject\AIcontest\AI\audit\competition_review\remediation_g1\dataset\calib\images\20260116_fs_sjt_00551.jpg,20260116_fs_sjt_00551.jpg,0,calib,C:\Users\CoirRaincoat\PyCharmMiscProject\AIcontest\AI\audit\competition_review\remediation_g1\dataset\calib\labels\20260116_fs_sjt_00551.txt
C:\Users\CoirRaincoat\PyCharmMiscProject\AIcontest\AI\audit\competition_review\remediation_g1\dataset\calib\images\20260116_fs_sjt_00595.jpg,20260116_fs_sjt_00595.jpg,1,calib,C:\Users\CoirRaincoat\PyCharmMiscProject\AIcontest\AI\audit\competition_review\remediation_g1\dataset\calib\labels\20260116_fs_sjt_00595.txt
C:\Users\CoirRaincoat\PyCharmMiscProject\AIcontest\AI\audit\competition_review\remediation_g1\dataset\calib\images\20260116_fs_sjt_00613.jpg,20260116_fs_sjt_00613.jpg,0,calib,C:\Users\CoirRaincoat\PyCharmMiscProject\AIcontest\AI\audit\competition_review\remediation_g1\dataset\calib\labels\20260116_fs_sjt_00613.txt
C:\Users\CoirRaincoat\PyCharmMiscProject\AIcontest\AI\audit\competition_review\remediation_g1\dataset\calib\images\20260116_fs_sjt_00631.jpg,20260116_fs_sjt_00631.jpg,1,calib,C:\Users\CoirRaincoat\PyCharmMiscProject\AIcontest\AI\audit\competition_review\remediation_g1\dataset\calib\labels\20260116_fs_sjt_00631.txt
C:\Users\CoirRaincoat\PyCharmMiscProject\AIcontest\AI\audit\competition_review\remediation_g1\dataset\calib\images\20260116_fs_sjt_00642.jpg,20260116_fs_sjt_00642.jpg,1,calib,C:\Users\CoirRaincoat\PyCharmMiscProject\AIcontest\AI\audit\competition_review\remediation_g1\dataset\calib\labels\20260116_fs_sjt_00642.txt
C:\Users\CoirRaincoat\PyCharmMiscProject\AIcontest\AI\audit\competition_review\remediation_g1\dataset\calib\images\20260116_fs_sjt_00649.jpg,20260116_fs_sjt_00649.jpg,1,calib,C:\Users\CoirRaincoat\PyCharmMiscProject\AIcontest\AI\audit\competition_review\remediation_g1\dataset\calib\labels\20260116_fs_sjt_00649.txt
C:\Users\CoirRaincoat\PyCharmMiscProject\AIcontest\AI\audit\competition_review\remediation_g1\dataset\calib\images\20260116_fs_sjt_00668.jpg,20260116_fs_sjt_00668.jpg,1,calib,C:\Users\CoirRaincoat\PyCharmMiscProject\AIcontest\AI\audit\competition_review\remediation_g1\dataset\calib\labels\20260116_fs_sjt_00668.txt
C:\Users\CoirRaincoat\PyCharmMiscProject\AIcontest\AI\audit\competition_review\remediation_g1\dataset\calib\images\20260116_fs_sjt_00730.jpg,20260116_fs_sjt_00730.jpg,0,calib,C:\Users\CoirRaincoat\PyCharmMiscProject\AIcontest\AI\audit\competition_review\remediation_g1\dataset\calib\labels\20260116_fs_sjt_00730.txt
C:\Users\CoirRaincoat\PyCharmMiscProject\AIcontest\AI\audit\competition_review\remediation_g1\dataset\calib\images\20260116_fs_sjt_00731.jpg,20260116_fs_sjt_00731.jpg,1,calib,C:\Users\CoirRaincoat\PyCharmMiscProject\AIcontest\AI\audit\competition_review\remediation_g1\dataset\calib\labels\20260116_fs_sjt_00731.txt
C:\Users\CoirRaincoat\PyCharmMiscProject\AIcontest\AI\audit\competition_review\remediation_g1\dataset\calib\images\20260116_fs_sjt_00757.jpg,20260116_fs_sjt_00757.jpg,1,calib,C:\Users\CoirRaincoat\PyCharmMiscProject\AIcontest\AI\audit\competition_review\remediation_g1\dataset\calib\labels\20260116_fs_sjt_00757.txt
C:\Users\CoirRaincoat\PyCharmMiscProject\AIcontest\AI\audit\competition_review\remediation_g1\dataset\calib\images\20260116_fs_sjt_00792.jpg,20260116_fs_sjt_00792.jpg,1,calib,C:\Users\CoirRaincoat\PyCharmMiscProject\AIcontest\AI\audit\competition_review\remediation_g1\dataset\calib\labels\20260116_fs_sjt_00792.txt
C:\Users\CoirRaincoat\PyCharmMiscProject\AIcontest\AI\audit\competition_review\remediation_g1\dataset\calib\images\20260116_fs_sjt_00804.jpg,20260116_fs_sjt_00804.jpg,1,calib,C:\Users\CoirRaincoat\PyCharmMiscProject\AIcontest\AI\audit\competition_review\remediation_g1\dataset\calib\labels\20260116_fs_sjt_00804.txt
C:\Users\CoirRaincoat\PyCharmMiscProject\AIcontest\AI\audit\competition_review\remediation_g1\dataset\calib\images\20260116_fs_sjt_00831.jpg,20260116_fs_sjt_00831.jpg,1,calib,C:\Users\CoirRaincoat\PyCharmMiscProject\AIcontest\AI\audit\competition_review\remediation_g1\dataset\calib\labels\20260116_fs_sjt_00831.txt
C:\Users\CoirRaincoat\PyCharmMiscProject\AIcontest\AI\audit\competition_review\remediation_g1\dataset\calib\images\20260116_fs_sjt_00954.jpg,20260116_fs_sjt_00954.jpg,1,calib,C:\Users\CoirRaincoat\PyCharmMiscProject\AIcontest\AI\audit\competition_review\remediation_g1\dataset\calib\labels\20260116_fs_sjt_00954.txt
C:\Users\CoirRaincoat\PyCharmMiscProject\AIcontest\AI\audit\competition_review\remediation_g1\dataset\calib\images\20260116_fs_sjt_01026.jpg,20260116_fs_sjt_01026.jpg,1,calib,C:\Users\CoirRaincoat\PyCharmMiscProject\AIcontest\AI\audit\competition_review\remediation_g1\dataset\calib\labels\20260116_fs_sjt_01026.txt
C:\Users\CoirRaincoat\PyCharmMiscProject\AIcontest\AI\audit\competition_review\remediation_g1\dataset\calib\images\20260116_fs_sjt_01054.jpg,20260116_fs_sjt_01054.jpg,1,calib,C:\Users\CoirRaincoat\PyCharmMiscProject\AIcontest\AI\audit\competition_review\remediation_g1\dataset\calib\labels\20260116_fs_sjt_01054.txt
C:\Users\CoirRaincoat\PyCharmMiscProject\AIcontest\AI\audit\competition_review\remediation_g1\dataset\calib\images\20260116_fs_sjt_01082.jpg,20260116_fs_sjt_01082.jpg,1,calib,C:\Users\CoirRaincoat\PyCharmMiscProject\AIcontest\AI\audit\competition_review\remediation_g1\dataset\calib\labels\20260116_fs_sjt_01082.txt
C:\Users\CoirRaincoat\PyCharmMiscProject\AIcontest\AI\audit\competition_review\remediation_g1\dataset\calib\images\20260116_fs_sjt_01089.jpg,20260116_fs_sjt_01089.jpg,1,calib,C:\Users\CoirRaincoat\PyCharmMiscProject\AIcontest\AI\audit\competition_review\remediation_g1\dataset\calib\labels\20260116_fs_sjt_01089.txt
C:\Users\CoirRaincoat\PyCharmMiscProject\AIcontest\AI\audit\competition_review\remediation_g1\dataset\calib\images\20260320_sjt_fs_1299.jpg,20260320_sjt_fs_1299.jpg,1,calib,C:\Users\CoirRaincoat\PyCharmMiscProject\AIcontest\AI\audit\competition_review\remediation_g1\dataset\calib\labels\20260320_sjt_fs_1299.txt
C:\Users\CoirRaincoat\PyCharmMiscProject\AIcontest\AI\audit\competition_review\remediation_g1\dataset\calib\images\20260320_sjt_fs_1300.jpg,20260320_sjt_fs_1300.jpg,1,calib,C:\Users\CoirRaincoat\PyCharmMiscProject\AIcontest\AI\audit\competition_review\remediation_g1\dataset\calib\labels\20260320_sjt_fs_1300.txt
C:\Users\CoirRaincoat\PyCharmMiscProject\AIcontest\AI\audit\competition_review\remediation_g1\dataset\calib\images\20260320_sjt_fs_1301.jpg,20260320_sjt_fs_1301.jpg,1,calib,C:\Users\CoirRaincoat\PyCharmMiscProject\AIcontest\AI\audit\competition_review\remediation_g1\dataset\calib\labels\20260320_sjt_fs_1301.txt
C:\Users\CoirRaincoat\PyCharmMiscProject\AIcontest\AI\audit\competition_review\remediation_g1\dataset\calib\images\20260320_sjt_fs_1302.jpg,20260320_sjt_fs_1302.jpg,1,calib,C:\Users\CoirRaincoat\PyCharmMiscProject\AIcontest\AI\audit\competition_review\remediation_g1\dataset\calib\labels\20260320_sjt_fs_1302.txt
C:\Users\CoirRaincoat\PyCharmMiscProject\AIcontest\AI\audit\competition_review\remediation_g1\dataset\calib\images\20260320_sjt_fs_1308.jpg,20260320_sjt_fs_1308.jpg,1,calib,C:\Users\CoirRaincoat\PyCharmMiscProject\AIcontest\AI\audit\competition_review\remediation_g1\dataset\calib\labels\20260320_sjt_fs_1308.txt
C:\Users\CoirRaincoat\PyCharmMiscProject\AIcontest\AI\audit\competition_review\remediation_g1\dataset\calib\images\20260320_sjt_fs_1309.jpg,20260320_sjt_fs_1309.jpg,1,calib,C:\Users\CoirRaincoat\PyCharmMiscProject\AIcontest\AI\audit\competition_review\remediation_g1\dataset\calib\labels\20260320_sjt_fs_1309.txt
C:\Users\CoirRaincoat\PyCharmMiscProject\AIcontest\AI\audit\competition_review\remediation_g1\dataset\calib\images\20260320_sjt_fs_1310.jpg,20260320_sjt_fs_1310.jpg,1,calib,C:\Users\CoirRaincoat\PyCharmMiscProject\AIcontest\AI\audit\competition_review\remediation_g1\dataset\calib\labels\20260320_sjt_fs_1310.txt
C:\Users\CoirRaincoat\PyCharmMiscProject\AIcontest\AI\audit\competition_review\remediation_g1\dataset\calib\images\20260320_sjt_fs_1311.jpg,20260320_sjt_fs_1311.jpg,1,calib,C:\Users\CoirRaincoat\PyCharmMiscProject\AIcontest\AI\audit\competition_review\remediation_g1\dataset\calib\labels\20260320_sjt_fs_1311.txt
C:\Users\CoirRaincoat\PyCharmMiscProject\AIcontest\AI\audit\competition_review\remediation_g1\dataset\calib\images\20260320_sjt_fs_1321.jpg,20260320_sjt_fs_1321.jpg,1,calib,C:\Users\CoirRaincoat\PyCharmMiscProject\AIcontest\AI\audit\competition_review\remediation_g1\dataset\calib\labels\20260320_sjt_fs_1321.txt
C:\Users\CoirRaincoat\PyCharmMiscProject\AIcontest\AI\audit\competition_review\remediation_g1\dataset\calib\images\20260320_sjt_fs_1322.jpg,20260320_sjt_fs_1322.jpg,1,calib,C:\Users\CoirRaincoat\PyCharmMiscProject\AIcontest\AI\audit\competition_review\remediation_g1\dataset\calib\labels\20260320_sjt_fs_1322.txt
C:\Users\CoirRaincoat\PyCharmMiscProject\AIcontest\AI\audit\competition_review\remediation_g1\dataset\calib\images\20260320_sjt_fs_1324.jpg,20260320_sjt_fs_1324.jpg,1,calib,C:\Users\CoirRaincoat\PyCharmMiscProject\AIcontest\AI\audit\competition_review\remediation_g1\dataset\calib\labels\20260320_sjt_fs_1324.txt
C:\Users\CoirRaincoat\PyCharmMiscProject\AIcontest\AI\audit\competition_review\remediation_g1\dataset\calib\images\20260320_sjt_fs_1325.jpg,20260320_sjt_fs_1325.jpg,1,calib,C:\Users\CoirRaincoat\PyCharmMiscProject\AIcontest\AI\audit\competition_review\remediation_g1\dataset\calib\labels\20260320_sjt_fs_1325.txt
C:\Users\CoirRaincoat\PyCharmMiscProject\AIcontest\AI\audit\competition_review\remediation_g1\dataset\calib\images\20260320_sjt_fs_1334.jpg,20260320_sjt_fs_1334.jpg,1,calib,C:\Users\CoirRaincoat\PyCharmMiscProject\AIcontest\AI\audit\competition_review\remediation_g1\dataset\calib\labels\20260320_sjt_fs_1334.txt
C:\Users\CoirRaincoat\PyCharmMiscProject\AIcontest\AI\audit\competition_review\remediation_g1\dataset\calib\images\20260320_sjt_fs_1335.jpg,20260320_sjt_fs_1335.jpg,1,calib,C:\Users\CoirRaincoat\PyCharmMiscProject\AIcontest\AI\audit\competition_review\remediation_g1\dataset\calib\labels\20260320_sjt_fs_1335.txt
C:\Users\CoirRaincoat\PyCharmMiscProject\AIcontest\AI\audit\competition_review\remediation_g1\dataset\calib\images\20260320_sjt_fs_1336.jpg,20260320_sjt_fs_1336.jpg,1,calib,C:\Users\CoirRaincoat\PyCharmMiscProject\AIcontest\AI\audit\competition_review\remediation_g1\dataset\calib\labels\20260320_sjt_fs_1336.txt
C:\Users\CoirRaincoat\PyCharmMiscProject\AIcontest\AI\audit\competition_review\remediation_g1\dataset\calib\images\20260320_sjt_fs_1337.jpg,20260320_sjt_fs_1337.jpg,1,calib,C:\Users\CoirRaincoat\PyCharmMiscProject\AIcontest\AI\audit\competition_review\remediation_g1\dataset\calib\labels\20260320_sjt_fs_1337.txt
C:\Users\CoirRaincoat\PyCharmMiscProject\AIcontest\AI\audit\competition_review\remediation_g1\dataset\calib\images\20260320_sjt_fs_1343.jpg,20260320_sjt_fs_1343.jpg,1,calib,C:\Users\CoirRaincoat\PyCharmMiscProject\AIcontest\AI\audit\competition_review\remediation_g1\dataset\calib\labels\20260320_sjt_fs_1343.txt
C:\Users\CoirRaincoat\PyCharmMiscProject\AIcontest\AI\audit\competition_review\remediation_g1\dataset\calib\images\20260320_sjt_fs_1354.jpg,20260320_sjt_fs_1354.jpg,1,calib,C:\Users\CoirRaincoat\PyCharmMiscProject\AIcontest\AI\audit\competition_review\remediation_g1\dataset\calib\labels\20260320_sjt_fs_1354.txt
C:\Users\CoirRaincoat\PyCharmMiscProject\AIcontest\AI\audit\competition_review\remediation_g1\dataset\calib\images\20260320_sjt_fs_1380.jpg,20260320_sjt_fs_1380.jpg,1,calib,C:\Users\CoirRaincoat\PyCharmMiscProject\AIcontest\AI\audit\competition_review\remediation_g1\dataset\calib\labels\20260320_sjt_fs_1380.txt
C:\Users\CoirRaincoat\PyCharmMiscProject\AIcontest\AI\audit\competition_review\remediation_g1\dataset\calib\images\20260320_sjt_fs_1381.jpg,20260320_sjt_fs_1381.jpg,1,calib,C:\Users\CoirRaincoat\PyCharmMiscProject\AIcontest\AI\audit\competition_review\remediation_g1\dataset\calib\labels\20260320_sjt_fs_1381.txt
C:\Users\CoirRaincoat\PyCharmMiscProject\AIcontest\AI\audit\competition_review\remediation_g1\dataset\calib\images\20260320_sjt_fs_1397.jpg,20260320_sjt_fs_1397.jpg,1,calib,C:\Users\CoirRaincoat\PyCharmMiscProject\AIcontest\AI\audit\competition_review\remediation_g1\dataset\calib\labels\20260320_sjt_fs_1397.txt
C:\Users\CoirRaincoat\PyCharmMiscProject\AIcontest\AI\audit\competition_review\remediation_g1\dataset\calib\images\20260320_sjt_fs_1398.jpg,20260320_sjt_fs_1398.jpg,1,calib,C:\Users\CoirRaincoat\PyCharmMiscProject\AIcontest\AI\audit\competition_review\remediation_g1\dataset\calib\labels\20260320_sjt_fs_1398.txt
C:\Users\CoirRaincoat\PyCharmMiscProject\AIcontest\AI\audit\competition_review\remediation_g1\dataset\calib\images\20260320_sjt_fs_1427.jpg,20260320_sjt_fs_1427.jpg,1,calib,C:\Users\CoirRaincoat\PyCharmMiscProject\AIcontest\AI\audit\competition_review\remediation_g1\dataset\calib\labels\20260320_sjt_fs_1427.txt
C:\Users\CoirRaincoat\PyCharmMiscProject\AIcontest\AI\audit\competition_review\remediation_g1\dataset\calib\images\20260320_sjt_fs_1434.jpg,20260320_sjt_fs_1434.jpg,1,calib,C:\Users\CoirRaincoat\PyCharmMiscProject\AIcontest\AI\audit\competition_review\remediation_g1\dataset\calib\labels\20260320_sjt_fs_1434.txt
C:\Users\CoirRaincoat\PyCharmMiscProject\AIcontest\AI\audit\competition_review\remediation_g1\dataset\calib\images\20260320_sjt_fs_1435.jpg,20260320_sjt_fs_1435.jpg,1,calib,C:\Users\CoirRaincoat\PyCharmMiscProject\AIcontest\AI\audit\competition_review\remediation_g1\dataset\calib\labels\20260320_sjt_fs_1435.txt
C:\Users\CoirRaincoat\PyCharmMiscProject\AIcontest\AI\audit\competition_review\remediation_g1\dataset\calib\images\20260320_sjt_fs_1436.jpg,20260320_sjt_fs_1436.jpg,1,calib,C:\Users\CoirRaincoat\PyCharmMiscProject\AIcontest\AI\audit\competition_review\remediation_g1\dataset\calib\labels\20260320_sjt_fs_1436.txt
C:\Users\CoirRaincoat\PyCharmMiscProject\AIcontest\AI\audit\competition_review\remediation_g1\dataset\calib\images\20260320_sjt_fs_1437.jpg,20260320_sjt_fs_1437.jpg,1,calib,C:\Users\CoirRaincoat\PyCharmMiscProject\AIcontest\AI\audit\competition_review\remediation_g1\dataset\calib\labels\20260320_sjt_fs_1437.txt
C:\Users\CoirRaincoat\PyCharmMiscProject\AIcontest\AI\audit\competition_review\remediation_g1\dataset\calib\images\20260320_sjt_fs_1443.jpg,20260320_sjt_fs_1443.jpg,1,calib,C:\Users\CoirRaincoat\PyCharmMiscProject\AIcontest\AI\audit\competition_review\remediation_g1\dataset\calib\labels\20260320_sjt_fs_1443.txt
C:\Users\CoirRaincoat\PyCharmMiscProject\AIcontest\AI\audit\competition_review\remediation_g1\dataset\calib\images\20260320_sjt_fs_1444.jpg,20260320_sjt_fs_1444.jpg,1,calib,C:\Users\CoirRaincoat\PyCharmMiscProject\AIcontest\AI\audit\competition_review\remediation_g1\dataset\calib\labels\20260320_sjt_fs_1444.txt
C:\Users\CoirRaincoat\PyCharmMiscProject\AIcontest\AI\audit\competition_review\remediation_g1\dataset\calib\images\20260320_sjt_fs_1445.jpg,20260320_sjt_fs_1445.jpg,1,calib,C:\Users\CoirRaincoat\PyCharmMiscProject\AIcontest\AI\audit\competition_review\remediation_g1\dataset\calib\labels\20260320_sjt_fs_1445.txt
C:\Users\CoirRaincoat\PyCharmMiscProject\AIcontest\AI\audit\competition_review\remediation_g1\dataset\calib\images\20260320_sjt_fs_1457.jpg,20260320_sjt_fs_1457.jpg,1,calib,C:\Users\CoirRaincoat\PyCharmMiscProject\AIcontest\AI\audit\competition_review\remediation_g1\dataset\calib\labels\20260320_sjt_fs_1457.txt
C:\Users\CoirRaincoat\PyCharmMiscProject\AIcontest\AI\audit\competition_review\remediation_g1\dataset\calib\images\20260320_sjt_fs_1458.jpg,20260320_sjt_fs_1458.jpg,1,calib,C:\Users\CoirRaincoat\PyCharmMiscProject\AIcontest\AI\audit\competition_review\remediation_g1\dataset\calib\labels\20260320_sjt_fs_1458.txt
C:\Users\CoirRaincoat\PyCharmMiscProject\AIcontest\AI\audit\competition_review\remediation_g1\dataset\calib\images\20260320_sjt_fs_1464.jpg,20260320_sjt_fs_1464.jpg,1,calib,C:\Users\CoirRaincoat\PyCharmMiscProject\AIcontest\AI\audit\competition_review\remediation_g1\dataset\calib\labels\20260320_sjt_fs_1464.txt
C:\Users\CoirRaincoat\PyCharmMiscProject\AIcontest\AI\audit\competition_review\remediation_g1\dataset\calib\images\20260320_sjt_fs_1465.jpg,20260320_sjt_fs_1465.jpg,1,calib,C:\Users\CoirRaincoat\PyCharmMiscProject\AIcontest\AI\audit\competition_review\remediation_g1\dataset\calib\labels\20260320_sjt_fs_1465.txt
C:\Users\CoirRaincoat\PyCharmMiscProject\AIcontest\AI\audit\competition_review\remediation_g1\dataset\calib\images\20260320_sjt_fs_1466.jpg,20260320_sjt_fs_1466.jpg,1,calib,C:\Users\CoirRaincoat\PyCharmMiscProject\AIcontest\AI\audit\competition_review\remediation_g1\dataset\calib\labels\20260320_sjt_fs_1466.txt
C:\Users\CoirRaincoat\PyCharmMiscProject\AIcontest\AI\audit\competition_review\remediation_g1\dataset\calib\images\20260320_sjt_fs_1467.jpg,20260320_sjt_fs_1467.jpg,1,calib,C:\Users\CoirRaincoat\PyCharmMiscProject\AIcontest\AI\audit\competition_review\remediation_g1\dataset\calib\labels\20260320_sjt_fs_1467.txt
C:\Users\CoirRaincoat\PyCharmMiscProject\AIcontest\AI\audit\competition_review\remediation_g1\dataset\calib\images\20260320_sjt_fs_1476.jpg,20260320_sjt_fs_1476.jpg,1,calib,C:\Users\CoirRaincoat\PyCharmMiscProject\AIcontest\AI\audit\competition_review\remediation_g1\dataset\calib\labels\20260320_sjt_fs_1476.txt
C:\Users\CoirRaincoat\PyCharmMiscProject\AIcontest\AI\audit\competition_review\remediation_g1\dataset\calib\images\20260320_sjt_fs_1482.jpg,20260320_sjt_fs_1482.jpg,1,calib,C:\Users\CoirRaincoat\PyCharmMiscProject\AIcontest\AI\audit\competition_review\remediation_g1\dataset\calib\labels\20260320_sjt_fs_1482.txt
C:\Users\CoirRaincoat\PyCharmMiscProject\AIcontest\AI\audit\competition_review\remediation_g1\dataset\calib\images\20260320_sjt_fs_1483.jpg,20260320_sjt_fs_1483.jpg,1,calib,C:\Users\CoirRaincoat\PyCharmMiscProject\AIcontest\AI\audit\competition_review\remediation_g1\dataset\calib\labels\20260320_sjt_fs_1483.txt
C:\Users\CoirRaincoat\PyCharmMiscProject\AIcontest\AI\audit\competition_review\remediation_g1\dataset\calib\images\20260320_sjt_fs_1484.jpg,20260320_sjt_fs_1484.jpg,1,calib,C:\Users\CoirRaincoat\PyCharmMiscProject\AIcontest\AI\audit\competition_review\remediation_g1\dataset\calib\labels\20260320_sjt_fs_1484.txt
C:\Users\CoirRaincoat\PyCharmMiscProject\AIcontest\AI\audit\competition_review\remediation_g1\dataset\calib\images\20260320_sjt_fs_1486.jpg,20260320_sjt_fs_1486.jpg,1,calib,C:\Users\CoirRaincoat\PyCharmMiscProject\AIcontest\AI\audit\competition_review\remediation_g1\dataset\calib\labels\20260320_sjt_fs_1486.txt
C:\Users\CoirRaincoat\PyCharmMiscProject\AIcontest\AI\audit\competition_review\remediation_g1\dataset\calib\images\20260320_sjt_fs_1497.jpg,20260320_sjt_fs_1497.jpg,1,calib,C:\Users\CoirRaincoat\PyCharmMiscProject\AIcontest\AI\audit\competition_review\remediation_g1\dataset\calib\labels\20260320_sjt_fs_1497.txt
C:\Users\CoirRaincoat\PyCharmMiscProject\AIcontest\AI\audit\competition_review\remediation_g1\dataset\calib\images\20260320_sjt_fs_1507.jpg,20260320_sjt_fs_1507.jpg,1,calib,C:\Users\CoirRaincoat\PyCharmMiscProject\AIcontest\AI\audit\competition_review\remediation_g1\dataset\calib\labels\20260320_sjt_fs_1507.txt
C:\Users\CoirRaincoat\PyCharmMiscProject\AIcontest\AI\audit\competition_review\remediation_g1\dataset\calib\images\20260320_sjt_fs_1508.jpg,20260320_sjt_fs_1508.jpg,1,calib,C:\Users\CoirRaincoat\PyCharmMiscProject\AIcontest\AI\audit\competition_review\remediation_g1\dataset\calib\labels\20260320_sjt_fs_1508.txt
C:\Users\CoirRaincoat\PyCharmMiscProject\AIcontest\AI\audit\competition_review\remediation_g1\dataset\calib\images\20260320_sjt_fs_1509.jpg,20260320_sjt_fs_1509.jpg,1,calib,C:\Users\CoirRaincoat\PyCharmMiscProject\AIcontest\AI\audit\competition_review\remediation_g1\dataset\calib\labels\20260320_sjt_fs_1509.txt
C:\Users\CoirRaincoat\PyCharmMiscProject\AIcontest\AI\audit\competition_review\remediation_g1\dataset\calib\images\20260320_sjt_fs_1510.jpg,20260320_sjt_fs_1510.jpg,1,calib,C:\Users\CoirRaincoat\PyCharmMiscProject\AIcontest\AI\audit\competition_review\remediation_g1\dataset\calib\labels\20260320_sjt_fs_1510.txt
C:\Users\CoirRaincoat\PyCharmMiscProject\AIcontest\AI\audit\competition_review\remediation_g1\dataset\calib\images\20260320_sjt_fs_1516.jpg,20260320_sjt_fs_1516.jpg,1,calib,C:\Users\CoirRaincoat\PyCharmMiscProject\AIcontest\AI\audit\competition_review\remediation_g1\dataset\calib\labels\20260320_sjt_fs_1516.txt
C:\Users\CoirRaincoat\PyCharmMiscProject\AIcontest\AI\audit\competition_review\remediation_g1\dataset\calib\images\20260320_sjt_fs_1517.jpg,20260320_sjt_fs_1517.jpg,1,calib,C:\Users\CoirRaincoat\PyCharmMiscProject\AIcontest\AI\audit\competition_review\remediation_g1\dataset\calib\labels\20260320_sjt_fs_1517.txt
C:\Users\CoirRaincoat\PyCharmMiscProject\AIcontest\AI\audit\competition_review\remediation_g1\dataset\calib\images\20260320_sjt_fs_1526.jpg,20260320_sjt_fs_1526.jpg,1,calib,C:\Users\CoirRaincoat\PyCharmMiscProject\AIcontest\AI\audit\competition_review\remediation_g1\dataset\calib\labels\20260320_sjt_fs_1526.txt
C:\Users\CoirRaincoat\PyCharmMiscProject\AIcontest\AI\audit\competition_review\remediation_g1\dataset\calib\images\20260320_sjt_fs_1527.jpg,20260320_sjt_fs_1527.jpg,1,calib,C:\Users\CoirRaincoat\PyCharmMiscProject\AIcontest\AI\audit\competition_review\remediation_g1\dataset\calib\labels\20260320_sjt_fs_1527.txt
C:\Users\CoirRaincoat\PyCharmMiscProject\AIcontest\AI\audit\competition_review\remediation_g1\dataset\calib\images\20260320_sjt_fs_1528.jpg,20260320_sjt_fs_1528.jpg,1,calib,C:\Users\CoirRaincoat\PyCharmMiscProject\AIcontest\AI\audit\competition_review\remediation_g1\dataset\calib\labels\20260320_sjt_fs_1528.txt
C:\Users\CoirRaincoat\PyCharmMiscProject\AIcontest\AI\audit\competition_review\remediation_g1\dataset\calib\images\20260320_sjt_fs_1534.jpg,20260320_sjt_fs_1534.jpg,1,calib,C:\Users\CoirRaincoat\PyCharmMiscProject\AIcontest\AI\audit\competition_review\remediation_g1\dataset\calib\labels\20260320_sjt_fs_1534.txt
C:\Users\CoirRaincoat\PyCharmMiscProject\AIcontest\AI\audit\competition_review\remediation_g1\dataset\calib\images\20260320_sjt_fs_1535.jpg,20260320_sjt_fs_1535.jpg,1,calib,C:\Users\CoirRaincoat\PyCharmMiscProject\AIcontest\AI\audit\competition_review\remediation_g1\dataset\calib\labels\20260320_sjt_fs_1535.txt
C:\Users\CoirRaincoat\PyCharmMiscProject\AIcontest\AI\audit\competition_review\remediation_g1\dataset\calib\images\20260320_sjt_fs_1536.jpg,20260320_sjt_fs_1536.jpg,1,calib,C:\Users\CoirRaincoat\PyCharmMiscProject\AIcontest\AI\audit\competition_review\remediation_g1\dataset\calib\labels\20260320_sjt_fs_1536.txt
C:\Users\CoirRaincoat\PyCharmMiscProject\AIcontest\AI\audit\competition_review\remediation_g1\dataset\calib\images\20260320_sjt_fs_1545.jpg,20260320_sjt_fs_1545.jpg,1,calib,C:\Users\CoirRaincoat\PyCharmMiscProject\AIcontest\AI\audit\competition_review\remediation_g1\dataset\calib\labels\20260320_sjt_fs_1545.txt
C:\Users\CoirRaincoat\PyCharmMiscProject\AIcontest\AI\audit\competition_review\remediation_g1\dataset\calib\images\20260320_sjt_fs_1546.jpg,20260320_sjt_fs_1546.jpg,0,calib,C:\Users\CoirRaincoat\PyCharmMiscProject\AIcontest\AI\audit\competition_review\remediation_g1\dataset\calib\labels\20260320_sjt_fs_1546.txt
C:\Users\CoirRaincoat\PyCharmMiscProject\AIcontest\AI\audit\competition_review\remediation_g1\dataset\calib\images\20260320_sjt_fs_1552.jpg,20260320_sjt_fs_1552.jpg,0,calib,C:\Users\CoirRaincoat\PyCharmMiscProject\AIcontest\AI\audit\competition_review\remediation_g1\dataset\calib\labels\20260320_sjt_fs_1552.txt
C:\Users\CoirRaincoat\PyCharmMiscProject\AIcontest\AI\audit\competition_review\remediation_g1\dataset\calib\images\20260320_sjt_fs_1553.jpg,20260320_sjt_fs_1553.jpg,0,calib,C:\Users\CoirRaincoat\PyCharmMiscProject\AIcontest\AI\audit\competition_review\remediation_g1\dataset\calib\labels\20260320_sjt_fs_1553.txt
C:\Users\CoirRaincoat\PyCharmMiscProject\AIcontest\AI\audit\competition_review\remediation_g1\dataset\calib\images\20260320_sjt_fs_1554.jpg,20260320_sjt_fs_1554.jpg,0,calib,C:\Users\CoirRaincoat\PyCharmMiscProject\AIcontest\AI\audit\competition_review\remediation_g1\dataset\calib\labels\20260320_sjt_fs_1554.txt
C:\Users\CoirRaincoat\PyCharmMiscProject\AIcontest\AI\audit\competition_review\remediation_g1\dataset\calib\images\20260320_sjt_fs_1574.jpg,20260320_sjt_fs_1574.jpg,1,calib,C:\Users\CoirRaincoat\PyCharmMiscProject\AIcontest\AI\audit\competition_review\remediation_g1\dataset\calib\labels\20260320_sjt_fs_1574.txt
C:\Users\CoirRaincoat\PyCharmMiscProject\AIcontest\AI\audit\competition_review\remediation_g1\dataset\calib\images\20260320_sjt_fs_1580.jpg,20260320_sjt_fs_1580.jpg,1,calib,C:\Users\CoirRaincoat\PyCharmMiscProject\AIcontest\AI\audit\competition_review\remediation_g1\dataset\calib\labels\20260320_sjt_fs_1580.txt
C:\Users\CoirRaincoat\PyCharmMiscProject\AIcontest\AI\audit\competition_review\remediation_g1\dataset\calib\images\20260320_sjt_fs_1581.jpg,20260320_sjt_fs_1581.jpg,1,calib,C:\Users\CoirRaincoat\PyCharmMiscProject\AIcontest\AI\audit\competition_review\remediation_g1\dataset\calib\labels\20260320_sjt_fs_1581.txt
C:\Users\CoirRaincoat\PyCharmMiscProject\AIcontest\AI\audit\competition_review\remediation_g1\dataset\calib\images\20260320_sjt_fs_1582.jpg,20260320_sjt_fs_1582.jpg,1,calib,C:\Users\CoirRaincoat\PyCharmMiscProject\AIcontest\AI\audit\competition_review\remediation_g1\dataset\calib\labels\20260320_sjt_fs_1582.txt
C:\Users\CoirRaincoat\PyCharmMiscProject\AIcontest\AI\audit\competition_review\remediation_g1\dataset\calib\images\20260320_sjt_fs_1583.jpg,20260320_sjt_fs_1583.jpg,1,calib,C:\Users\CoirRaincoat\PyCharmMiscProject\AIcontest\AI\audit\competition_review\remediation_g1\dataset\calib\labels\20260320_sjt_fs_1583.txt
C:\Users\CoirRaincoat\PyCharmMiscProject\AIcontest\AI\audit\competition_review\remediation_g1\dataset\calib\images\20260320_sjt_fs_1590.jpg,20260320_sjt_fs_1590.jpg,1,calib,C:\Users\CoirRaincoat\PyCharmMiscProject\AIcontest\AI\audit\competition_review\remediation_g1\dataset\calib\labels\20260320_sjt_fs_1590.txt
C:\Users\CoirRaincoat\PyCharmMiscProject\AIcontest\AI\audit\competition_review\remediation_g1\dataset\calib\images\20260320_sjt_fs_1604.jpg,20260320_sjt_fs_1604.jpg,1,calib,C:\Users\CoirRaincoat\PyCharmMiscProject\AIcontest\AI\audit\competition_review\remediation_g1\dataset\calib\labels\20260320_sjt_fs_1604.txt
C:\Users\CoirRaincoat\PyCharmMiscProject\AIcontest\AI\audit\competition_review\remediation_g1\dataset\calib\images\20260320_sjt_fs_1605.jpg,20260320_sjt_fs_1605.jpg,1,calib,C:\Users\CoirRaincoat\PyCharmMiscProject\AIcontest\AI\audit\competition_review\remediation_g1\dataset\calib\labels\20260320_sjt_fs_1605.txt
C:\Users\CoirRaincoat\PyCharmMiscProject\AIcontest\AI\audit\competition_review\remediation_g1\dataset\calib\images\20260320_sjt_fs_1606.jpg,20260320_sjt_fs_1606.jpg,1,calib,C:\Users\CoirRaincoat\PyCharmMiscProject\AIcontest\AI\audit\competition_review\remediation_g1\dataset\calib\labels\20260320_sjt_fs_1606.txt
C:\Users\CoirRaincoat\PyCharmMiscProject\AIcontest\AI\audit\competition_review\remediation_g1\dataset\calib\images\20260320_sjt_fs_1607.jpg,20260320_sjt_fs_1607.jpg,1,calib,C:\Users\CoirRaincoat\PyCharmMiscProject\AIcontest\AI\audit\competition_review\remediation_g1\dataset\calib\labels\20260320_sjt_fs_1607.txt
C:\Users\CoirRaincoat\PyCharmMiscProject\AIcontest\AI\audit\competition_review\remediation_g1\dataset\calib\images\20260320_sjt_fs_1617.jpg,20260320_sjt_fs_1617.jpg,1,calib,C:\Users\CoirRaincoat\PyCharmMiscProject\AIcontest\AI\audit\competition_review\remediation_g1\dataset\calib\labels\20260320_sjt_fs_1617.txt
C:\Users\CoirRaincoat\PyCharmMiscProject\AIcontest\AI\audit\competition_review\remediation_g1\dataset\calib\images\20260320_sjt_fs_1619.jpg,20260320_sjt_fs_1619.jpg,1,calib,C:\Users\CoirRaincoat\PyCharmMiscProject\AIcontest\AI\audit\competition_review\remediation_g1\dataset\calib\labels\20260320_sjt_fs_1619.txt
C:\Users\CoirRaincoat\PyCharmMiscProject\AIcontest\AI\audit\competition_review\remediation_g1\dataset\calib\images\20260320_sjt_fs_1733.jpg,20260320_sjt_fs_1733.jpg,1,calib,C:\Users\CoirRaincoat\PyCharmMiscProject\AIcontest\AI\audit\competition_review\remediation_g1\dataset\calib\labels\20260320_sjt_fs_1733.txt
C:\Users\CoirRaincoat\PyCharmMiscProject\AIcontest\AI\audit\competition_review\remediation_g1\dataset\calib\images\20260320_sjt_fs_1734.jpg,20260320_sjt_fs_1734.jpg,1,calib,C:\Users\CoirRaincoat\PyCharmMiscProject\AIcontest\AI\audit\competition_review\remediation_g1\dataset\calib\labels\20260320_sjt_fs_1734.txt
C:\Users\CoirRaincoat\PyCharmMiscProject\AIcontest\AI\audit\competition_review\remediation_g1\dataset\calib\images\20260320_sjt_fs_1735.jpg,20260320_sjt_fs_1735.jpg,1,calib,C:\Users\CoirRaincoat\PyCharmMiscProject\AIcontest\AI\audit\competition_review\remediation_g1\dataset\calib\labels\20260320_sjt_fs_1735.txt
C:\Users\CoirRaincoat\PyCharmMiscProject\AIcontest\AI\audit\competition_review\remediation_g1\dataset\calib\images\20260320_sjt_fs_1736.jpg,20260320_sjt_fs_1736.jpg,1,calib,C:\Users\CoirRaincoat\PyCharmMiscProject\AIcontest\AI\audit\competition_review\remediation_g1\dataset\calib\labels\20260320_sjt_fs_1736.txt
C:\Users\CoirRaincoat\PyCharmMiscProject\AIcontest\AI\audit\competition_review\remediation_g1\dataset\calib\images\20260320_sjt_fs_1745.jpg,20260320_sjt_fs_1745.jpg,1,calib,C:\Users\CoirRaincoat\PyCharmMiscProject\AIcontest\AI\audit\competition_review\remediation_g1\dataset\calib\labels\20260320_sjt_fs_1745.txt
C:\Users\CoirRaincoat\PyCharmMiscProject\AIcontest\AI\audit\competition_review\remediation_g1\dataset\calib\images\20260320_sjt_fs_1746.jpg,20260320_sjt_fs_1746.jpg,1,calib,C:\Users\CoirRaincoat\PyCharmMiscProject\AIcontest\AI\audit\competition_review\remediation_g1\dataset\calib\labels\20260320_sjt_fs_1746.txt
C:\Users\CoirRaincoat\PyCharmMiscProject\AIcontest\AI\audit\competition_review\remediation_g1\dataset\calib\images\20260320_sjt_fs_1760.jpg,20260320_sjt_fs_1760.jpg,1,calib,C:\Users\CoirRaincoat\PyCharmMiscProject\AIcontest\AI\audit\competition_review\remediation_g1\dataset\calib\labels\20260320_sjt_fs_1760.txt
C:\Users\CoirRaincoat\PyCharmMiscProject\AIcontest\AI\audit\competition_review\remediation_g1\dataset\calib\images\20260320_sjt_fs_1761.jpg,20260320_sjt_fs_1761.jpg,1,calib,C:\Users\CoirRaincoat\PyCharmMiscProject\AIcontest\AI\audit\competition_review\remediation_g1\dataset\calib\labels\20260320_sjt_fs_1761.txt
C:\Users\CoirRaincoat\PyCharmMiscProject\AIcontest\AI\audit\competition_review\remediation_g1\dataset\calib\images\20260320_sjt_fs_1762.jpg,20260320_sjt_fs_1762.jpg,1,calib,C:\Users\CoirRaincoat\PyCharmMiscProject\AIcontest\AI\audit\competition_review\remediation_g1\dataset\calib\labels\20260320_sjt_fs_1762.txt
C:\Users\CoirRaincoat\PyCharmMiscProject\AIcontest\AI\audit\competition_review\remediation_g1\dataset\calib\images\20260320_sjt_fs_1771.jpg,20260320_sjt_fs_1771.jpg,1,calib,C:\Users\CoirRaincoat\PyCharmMiscProject\AIcontest\AI\audit\competition_review\remediation_g1\dataset\calib\labels\20260320_sjt_fs_1771.txt
C:\Users\CoirRaincoat\PyCharmMiscProject\AIcontest\AI\audit\competition_review\remediation_g1\dataset\calib\images\20260320_sjt_fs_1772.jpg,20260320_sjt_fs_1772.jpg,1,calib,C:\Users\CoirRaincoat\PyCharmMiscProject\AIcontest\AI\audit\competition_review\remediation_g1\dataset\calib\labels\20260320_sjt_fs_1772.txt
C:\Users\CoirRaincoat\PyCharmMiscProject\AIcontest\AI\audit\competition_review\remediation_g1\dataset\calib\images\20260320_sjt_fs_1773.jpg,20260320_sjt_fs_1773.jpg,1,calib,C:\Users\CoirRaincoat\PyCharmMiscProject\AIcontest\AI\audit\competition_review\remediation_g1\dataset\calib\labels\20260320_sjt_fs_1773.txt
C:\Users\CoirRaincoat\PyCharmMiscProject\AIcontest\AI\audit\competition_review\remediation_g1\dataset\calib\images\20260320_sjt_fs_1790.jpg,20260320_sjt_fs_1790.jpg,1,calib,C:\Users\CoirRaincoat\PyCharmMiscProject\AIcontest\AI\audit\competition_review\remediation_g1\dataset\calib\labels\20260320_sjt_fs_1790.txt
C:\Users\CoirRaincoat\PyCharmMiscProject\AIcontest\AI\audit\competition_review\remediation_g1\dataset\calib\images\20260320_sjt_fs_1791.jpg,20260320_sjt_fs_1791.jpg,1,calib,C:\Users\CoirRaincoat\PyCharmMiscProject\AIcontest\AI\audit\competition_review\remediation_g1\dataset\calib\labels\20260320_sjt_fs_1791.txt
C:\Users\CoirRaincoat\PyCharmMiscProject\AIcontest\AI\audit\competition_review\remediation_g1\dataset\calib\images\20260320_sjt_fs_1797.jpg,20260320_sjt_fs_1797.jpg,1,calib,C:\Users\CoirRaincoat\PyCharmMiscProject\AIcontest\AI\audit\competition_review\remediation_g1\dataset\calib\labels\20260320_sjt_fs_1797.txt
C:\Users\CoirRaincoat\PyCharmMiscProject\AIcontest\AI\audit\competition_review\remediation_g1\dataset\calib\images\20260320_sjt_fs_1798.jpg,20260320_sjt_fs_1798.jpg,1,calib,C:\Users\CoirRaincoat\PyCharmMiscProject\AIcontest\AI\audit\competition_review\remediation_g1\dataset\calib\labels\20260320_sjt_fs_1798.txt
C:\Users\CoirRaincoat\PyCharmMiscProject\AIcontest\AI\audit\competition_review\remediation_g1\dataset\calib\images\20260320_sjt_fs_1799.jpg,20260320_sjt_fs_1799.jpg,1,calib,C:\Users\CoirRaincoat\PyCharmMiscProject\AIcontest\AI\audit\competition_review\remediation_g1\dataset\calib\labels\20260320_sjt_fs_1799.txt
C:\Users\CoirRaincoat\PyCharmMiscProject\AIcontest\AI\audit\competition_review\remediation_g1\dataset\calib\images\20260320_sjt_fs_1800.jpg,20260320_sjt_fs_1800.jpg,1,calib,C:\Users\CoirRaincoat\PyCharmMiscProject\AIcontest\AI\audit\competition_review\remediation_g1\dataset\calib\labels\20260320_sjt_fs_1800.txt
C:\Users\CoirRaincoat\PyCharmMiscProject\AIcontest\AI\audit\competition_review\remediation_g1\dataset\calib\images\20260320_sjt_fs_1810.jpg,20260320_sjt_fs_1810.jpg,1,calib,C:\Users\CoirRaincoat\PyCharmMiscProject\AIcontest\AI\audit\competition_review\remediation_g1\dataset\calib\labels\20260320_sjt_fs_1810.txt
C:\Users\CoirRaincoat\PyCharmMiscProject\AIcontest\AI\audit\competition_review\remediation_g1\dataset\calib\images\20260320_sjt_fs_1816.jpg,20260320_sjt_fs_1816.jpg,1,calib,C:\Users\CoirRaincoat\PyCharmMiscProject\AIcontest\AI\audit\competition_review\remediation_g1\dataset\calib\labels\20260320_sjt_fs_1816.txt
C:\Users\CoirRaincoat\PyCharmMiscProject\AIcontest\AI\audit\competition_review\remediation_g1\dataset\calib\images\20260320_sjt_fs_1817.jpg,20260320_sjt_fs_1817.jpg,1,calib,C:\Users\CoirRaincoat\PyCharmMiscProject\AIcontest\AI\audit\competition_review\remediation_g1\dataset\calib\labels\20260320_sjt_fs_1817.txt
C:\Users\CoirRaincoat\PyCharmMiscProject\AIcontest\AI\audit\competition_review\remediation_g1\dataset\calib\images\20260320_sjt_fs_1818.jpg,20260320_sjt_fs_1818.jpg,1,calib,C:\Users\CoirRaincoat\PyCharmMiscProject\AIcontest\AI\audit\competition_review\remediation_g1\dataset\calib\labels\20260320_sjt_fs_1818.txt
C:\Users\CoirRaincoat\PyCharmMiscProject\AIcontest\AI\audit\competition_review\remediation_g1\dataset\calib\images\20260320_sjt_fs_1819.jpg,20260320_sjt_fs_1819.jpg,1,calib,C:\Users\CoirRaincoat\PyCharmMiscProject\AIcontest\AI\audit\competition_review\remediation_g1\dataset\calib\labels\20260320_sjt_fs_1819.txt
C:\Users\CoirRaincoat\PyCharmMiscProject\AIcontest\AI\audit\competition_review\remediation_g1\dataset\calib\images\20260320_sjt_fs_1825.jpg,20260320_sjt_fs_1825.jpg,1,calib,C:\Users\CoirRaincoat\PyCharmMiscProject\AIcontest\AI\audit\competition_review\remediation_g1\dataset\calib\labels\20260320_sjt_fs_1825.txt
C:\Users\CoirRaincoat\PyCharmMiscProject\AIcontest\AI\audit\competition_review\remediation_g1\dataset\calib\images\20260320_sjt_fs_1834.jpg,20260320_sjt_fs_1834.jpg,1,calib,C:\Users\CoirRaincoat\PyCharmMiscProject\AIcontest\AI\audit\competition_review\remediation_g1\dataset\calib\labels\20260320_sjt_fs_1834.txt
C:\Users\CoirRaincoat\PyCharmMiscProject\AIcontest\AI\audit\competition_review\remediation_g1\dataset\calib\images\20260320_sjt_fs_1835.jpg,20260320_sjt_fs_1835.jpg,1,calib,C:\Users\CoirRaincoat\PyCharmMiscProject\AIcontest\AI\audit\competition_review\remediation_g1\dataset\calib\labels\20260320_sjt_fs_1835.txt
C:\Users\CoirRaincoat\PyCharmMiscProject\AIcontest\AI\audit\competition_review\remediation_g1\dataset\calib\images\20260320_sjt_fs_1836.jpg,20260320_sjt_fs_1836.jpg,1,calib,C:\Users\CoirRaincoat\PyCharmMiscProject\AIcontest\AI\audit\competition_review\remediation_g1\dataset\calib\labels\20260320_sjt_fs_1836.txt
C:\Users\CoirRaincoat\PyCharmMiscProject\AIcontest\AI\audit\competition_review\remediation_g1\dataset\calib\images\20260320_sjt_fs_1837.jpg,20260320_sjt_fs_1837.jpg,1,calib,C:\Users\CoirRaincoat\PyCharmMiscProject\AIcontest\AI\audit\competition_review\remediation_g1\dataset\calib\labels\20260320_sjt_fs_1837.txt
C:\Users\CoirRaincoat\PyCharmMiscProject\AIcontest\AI\audit\competition_review\remediation_g1\dataset\calib\images\20260320_sjt_fs_1844.jpg,20260320_sjt_fs_1844.jpg,1,calib,C:\Users\CoirRaincoat\PyCharmMiscProject\AIcontest\AI\audit\competition_review\remediation_g1\dataset\calib\labels\20260320_sjt_fs_1844.txt
C:\Users\CoirRaincoat\PyCharmMiscProject\AIcontest\AI\audit\competition_review\remediation_g1\dataset\calib\images\20260320_sjt_fs_1855.jpg,20260320_sjt_fs_1855.jpg,1,calib,C:\Users\CoirRaincoat\PyCharmMiscProject\AIcontest\AI\audit\competition_review\remediation_g1\dataset\calib\labels\20260320_sjt_fs_1855.txt
C:\Users\CoirRaincoat\PyCharmMiscProject\AIcontest\AI\audit\competition_review\remediation_g1\dataset\calib\images\20260320_sjt_fs_1856.jpg,20260320_sjt_fs_1856.jpg,1,calib,C:\Users\CoirRaincoat\PyCharmMiscProject\AIcontest\AI\audit\competition_review\remediation_g1\dataset\calib\labels\20260320_sjt_fs_1856.txt
C:\Users\CoirRaincoat\PyCharmMiscProject\AIcontest\AI\audit\competition_review\remediation_g1\dataset\calib\images\20260320_sjt_fs_1865.jpg,20260320_sjt_fs_1865.jpg,1,calib,C:\Users\CoirRaincoat\PyCharmMiscProject\AIcontest\AI\audit\competition_review\remediation_g1\dataset\calib\labels\20260320_sjt_fs_1865.txt
C:\Users\CoirRaincoat\PyCharmMiscProject\AIcontest\AI\audit\competition_review\remediation_g1\dataset\calib\images\20260320_sjt_fs_1866.jpg,20260320_sjt_fs_1866.jpg,1,calib,C:\Users\CoirRaincoat\PyCharmMiscProject\AIcontest\AI\audit\competition_review\remediation_g1\dataset\calib\labels\20260320_sjt_fs_1866.txt
C:\Users\CoirRaincoat\PyCharmMiscProject\AIcontest\AI\audit\competition_review\remediation_g1\dataset\calib\images\20260320_sjt_fs_1867.jpg,20260320_sjt_fs_1867.jpg,1,calib,C:\Users\CoirRaincoat\PyCharmMiscProject\AIcontest\AI\audit\competition_review\remediation_g1\dataset\calib\labels\20260320_sjt_fs_1867.txt
C:\Users\CoirRaincoat\PyCharmMiscProject\AIcontest\AI\audit\competition_review\remediation_g1\dataset\calib\images\20260320_sjt_fs_1876.jpg,20260320_sjt_fs_1876.jpg,1,calib,C:\Users\CoirRaincoat\PyCharmMiscProject\AIcontest\AI\audit\competition_review\remediation_g1\dataset\calib\labels\20260320_sjt_fs_1876.txt
C:\Users\CoirRaincoat\PyCharmMiscProject\AIcontest\AI\audit\competition_review\remediation_g1\dataset\calib\images\20260320_sjt_fs_1877.jpg,20260320_sjt_fs_1877.jpg,1,calib,C:\Users\CoirRaincoat\PyCharmMiscProject\AIcontest\AI\audit\competition_review\remediation_g1\dataset\calib\labels\20260320_sjt_fs_1877.txt
C:\Users\CoirRaincoat\PyCharmMiscProject\AIcontest\AI\audit\competition_review\remediation_g1\dataset\calib\images\20260320_sjt_fs_1883.jpg,20260320_sjt_fs_1883.jpg,1,calib,C:\Users\CoirRaincoat\PyCharmMiscProject\AIcontest\AI\audit\competition_review\remediation_g1\dataset\calib\labels\20260320_sjt_fs_1883.txt
C:\Users\CoirRaincoat\PyCharmMiscProject\AIcontest\AI\audit\competition_review\remediation_g1\dataset\calib\images\20260320_sjt_fs_1884.jpg,20260320_sjt_fs_1884.jpg,1,calib,C:\Users\CoirRaincoat\PyCharmMiscProject\AIcontest\AI\audit\competition_review\remediation_g1\dataset\calib\labels\20260320_sjt_fs_1884.txt
C:\Users\CoirRaincoat\PyCharmMiscProject\AIcontest\AI\audit\competition_review\remediation_g1\dataset\calib\images\20260320_sjt_fs_1885.jpg,20260320_sjt_fs_1885.jpg,1,calib,C:\Users\CoirRaincoat\PyCharmMiscProject\AIcontest\AI\audit\competition_review\remediation_g1\dataset\calib\labels\20260320_sjt_fs_1885.txt
C:\Users\CoirRaincoat\PyCharmMiscProject\AIcontest\AI\audit\competition_review\remediation_g1\dataset\calib\images\20260320_sjt_fs_1886.jpg,20260320_sjt_fs_1886.jpg,1,calib,C:\Users\CoirRaincoat\PyCharmMiscProject\AIcontest\AI\audit\competition_review\remediation_g1\dataset\calib\labels\20260320_sjt_fs_1886.txt
C:\Users\CoirRaincoat\PyCharmMiscProject\AIcontest\AI\audit\competition_review\remediation_g1\dataset\calib\images\20260320_sjt_fs_1895.jpg,20260320_sjt_fs_1895.jpg,1,calib,C:\Users\CoirRaincoat\PyCharmMiscProject\AIcontest\AI\audit\competition_review\remediation_g1\dataset\calib\labels\20260320_sjt_fs_1895.txt
C:\Users\CoirRaincoat\PyCharmMiscProject\AIcontest\AI\audit\competition_review\remediation_g1\dataset\calib\images\20260320_sjt_fs_1901.jpg,20260320_sjt_fs_1901.jpg,1,calib,C:\Users\CoirRaincoat\PyCharmMiscProject\AIcontest\AI\audit\competition_review\remediation_g1\dataset\calib\labels\20260320_sjt_fs_1901.txt
C:\Users\CoirRaincoat\PyCharmMiscProject\AIcontest\AI\audit\competition_review\remediation_g1\dataset\calib\images\20260320_sjt_fs_1902.jpg,20260320_sjt_fs_1902.jpg,1,calib,C:\Users\CoirRaincoat\PyCharmMiscProject\AIcontest\AI\audit\competition_review\remediation_g1\dataset\calib\labels\20260320_sjt_fs_1902.txt
C:\Users\CoirRaincoat\PyCharmMiscProject\AIcontest\AI\audit\competition_review\remediation_g1\dataset\calib\images\20260320_sjt_fs_1903.jpg,20260320_sjt_fs_1903.jpg,1,calib,C:\Users\CoirRaincoat\PyCharmMiscProject\AIcontest\AI\audit\competition_review\remediation_g1\dataset\calib\labels\20260320_sjt_fs_1903.txt
C:\Users\CoirRaincoat\PyCharmMiscProject\AIcontest\AI\audit\competition_review\remediation_g1\dataset\calib\images\20260320_sjt_fs_1904.jpg,20260320_sjt_fs_1904.jpg,1,calib,C:\Users\CoirRaincoat\PyCharmMiscProject\AIcontest\AI\audit\competition_review\remediation_g1\dataset\calib\labels\20260320_sjt_fs_1904.txt
C:\Users\CoirRaincoat\PyCharmMiscProject\AIcontest\AI\audit\competition_review\remediation_g1\dataset\calib\images\20260320_sjt_fs_1910.jpg,20260320_sjt_fs_1910.jpg,1,calib,C:\Users\CoirRaincoat\PyCharmMiscProject\AIcontest\AI\audit\competition_review\remediation_g1\dataset\calib\labels\20260320_sjt_fs_1910.txt
C:\Users\CoirRaincoat\PyCharmMiscProject\AIcontest\AI\audit\competition_review\remediation_g1\dataset\calib\images\20260320_sjt_fs_1920.jpg,20260320_sjt_fs_1920.jpg,1,calib,C:\Users\CoirRaincoat\PyCharmMiscProject\AIcontest\AI\audit\competition_review\remediation_g1\dataset\calib\labels\20260320_sjt_fs_1920.txt
C:\Users\CoirRaincoat\PyCharmMiscProject\AIcontest\AI\audit\competition_review\remediation_g1\dataset\calib\images\20260320_sjt_fs_1921.jpg,20260320_sjt_fs_1921.jpg,1,calib,C:\Users\CoirRaincoat\PyCharmMiscProject\AIcontest\AI\audit\competition_review\remediation_g1\dataset\calib\labels\20260320_sjt_fs_1921.txt
C:\Users\CoirRaincoat\PyCharmMiscProject\AIcontest\AI\audit\competition_review\remediation_g1\dataset\calib\images\20260320_sjt_fs_1922.jpg,20260320_sjt_fs_1922.jpg,1,calib,C:\Users\CoirRaincoat\PyCharmMiscProject\AIcontest\AI\audit\competition_review\remediation_g1\dataset\calib\labels\20260320_sjt_fs_1922.txt
C:\Users\CoirRaincoat\PyCharmMiscProject\AIcontest\AI\audit\competition_review\remediation_g1\dataset\calib\images\20260320_sjt_fs_1923.jpg,20260320_sjt_fs_1923.jpg,1,calib,C:\Users\CoirRaincoat\PyCharmMiscProject\AIcontest\AI\audit\competition_review\remediation_g1\dataset\calib\labels\20260320_sjt_fs_1923.txt
C:\Users\CoirRaincoat\PyCharmMiscProject\AIcontest\AI\audit\competition_review\remediation_g1\dataset\calib\images\20260320_sjt_fs_1997.jpg,20260320_sjt_fs_1997.jpg,1,calib,C:\Users\CoirRaincoat\PyCharmMiscProject\AIcontest\AI\audit\competition_review\remediation_g1\dataset\calib\labels\20260320_sjt_fs_1997.txt
C:\Users\CoirRaincoat\PyCharmMiscProject\AIcontest\AI\audit\competition_review\remediation_g1\dataset\calib\images\20260320_sjt_fs_2003.jpg,20260320_sjt_fs_2003.jpg,1,calib,C:\Users\CoirRaincoat\PyCharmMiscProject\AIcontest\AI\audit\competition_review\remediation_g1\dataset\calib\labels\20260320_sjt_fs_2003.txt
C:\Users\CoirRaincoat\PyCharmMiscProject\AIcontest\AI\audit\competition_review\remediation_g1\dataset\calib\images\20260320_sjt_fs_2004.jpg,20260320_sjt_fs_2004.jpg,1,calib,C:\Users\CoirRaincoat\PyCharmMiscProject\AIcontest\AI\audit\competition_review\remediation_g1\dataset\calib\labels\20260320_sjt_fs_2004.txt
C:\Users\CoirRaincoat\PyCharmMiscProject\AIcontest\AI\audit\competition_review\remediation_g1\dataset\calib\images\20260320_sjt_fs_2005.jpg,20260320_sjt_fs_2005.jpg,1,calib,C:\Users\CoirRaincoat\PyCharmMiscProject\AIcontest\AI\audit\competition_review\remediation_g1\dataset\calib\labels\20260320_sjt_fs_2005.txt
C:\Users\CoirRaincoat\PyCharmMiscProject\AIcontest\AI\audit\competition_review\remediation_g1\dataset\calib\images\20260320_sjt_fs_2006.jpg,20260320_sjt_fs_2006.jpg,1,calib,C:\Users\CoirRaincoat\PyCharmMiscProject\AIcontest\AI\audit\competition_review\remediation_g1\dataset\calib\labels\20260320_sjt_fs_2006.txt
C:\Users\CoirRaincoat\PyCharmMiscProject\AIcontest\AI\audit\competition_review\remediation_g1\dataset\calib\images\20260320_sjt_fs_2012.jpg,20260320_sjt_fs_2012.jpg,1,calib,C:\Users\CoirRaincoat\PyCharmMiscProject\AIcontest\AI\audit\competition_review\remediation_g1\dataset\calib\labels\20260320_sjt_fs_2012.txt
C:\Users\CoirRaincoat\PyCharmMiscProject\AIcontest\AI\audit\competition_review\remediation_g1\dataset\calib\images\20260320_sjt_fs_2021.jpg,20260320_sjt_fs_2021.jpg,1,calib,C:\Users\CoirRaincoat\PyCharmMiscProject\AIcontest\AI\audit\competition_review\remediation_g1\dataset\calib\labels\20260320_sjt_fs_2021.txt
C:\Users\CoirRaincoat\PyCharmMiscProject\AIcontest\AI\audit\competition_review\remediation_g1\dataset\calib\images\20260320_sjt_fs_2022.jpg,20260320_sjt_fs_2022.jpg,1,calib,C:\Users\CoirRaincoat\PyCharmMiscProject\AIcontest\AI\audit\competition_review\remediation_g1\dataset\calib\labels\20260320_sjt_fs_2022.txt
C:\Users\CoirRaincoat\PyCharmMiscProject\AIcontest\AI\audit\competition_review\remediation_g1\dataset\calib\images\20260320_sjt_fs_2023.jpg,20260320_sjt_fs_2023.jpg,1,calib,C:\Users\CoirRaincoat\PyCharmMiscProject\AIcontest\AI\audit\competition_review\remediation_g1\dataset\calib\labels\20260320_sjt_fs_2023.txt
C:\Users\CoirRaincoat\PyCharmMiscProject\AIcontest\AI\audit\competition_review\remediation_g1\dataset\calib\images\20260320_sjt_fs_2024.jpg,20260320_sjt_fs_2024.jpg,1,calib,C:\Users\CoirRaincoat\PyCharmMiscProject\AIcontest\AI\audit\competition_review\remediation_g1\dataset\calib\labels\20260320_sjt_fs_2024.txt
C:\Users\CoirRaincoat\PyCharmMiscProject\AIcontest\AI\audit\competition_review\remediation_g1\dataset\calib\images\20260320_sjt_fs_2030.jpg,20260320_sjt_fs_2030.jpg,1,calib,C:\Users\CoirRaincoat\PyCharmMiscProject\AIcontest\AI\audit\competition_review\remediation_g1\dataset\calib\labels\20260320_sjt_fs_2030.txt
C:\Users\CoirRaincoat\PyCharmMiscProject\AIcontest\AI\audit\competition_review\remediation_g1\dataset\calib\images\20260320_sjt_fs_2031.jpg,20260320_sjt_fs_2031.jpg,1,calib,C:\Users\CoirRaincoat\PyCharmMiscProject\AIcontest\AI\audit\competition_review\remediation_g1\dataset\calib\labels\20260320_sjt_fs_2031.txt
C:\Users\CoirRaincoat\PyCharmMiscProject\AIcontest\AI\audit\competition_review\remediation_g1\dataset\calib\images\20260320_sjt_fs_2051.jpg,20260320_sjt_fs_2051.jpg,1,calib,C:\Users\CoirRaincoat\PyCharmMiscProject\AIcontest\AI\audit\competition_review\remediation_g1\dataset\calib\labels\20260320_sjt_fs_2051.txt
C:\Users\CoirRaincoat\PyCharmMiscProject\AIcontest\AI\audit\competition_review\remediation_g1\dataset\calib\images\20260320_sjt_fs_2052.jpg,20260320_sjt_fs_2052.jpg,1,calib,C:\Users\CoirRaincoat\PyCharmMiscProject\AIcontest\AI\audit\competition_review\remediation_g1\dataset\calib\labels\20260320_sjt_fs_2052.txt
C:\Users\CoirRaincoat\PyCharmMiscProject\AIcontest\AI\audit\competition_review\remediation_g1\dataset\calib\images\20260320_sjt_fs_2053.jpg,20260320_sjt_fs_2053.jpg,1,calib,C:\Users\CoirRaincoat\PyCharmMiscProject\AIcontest\AI\audit\competition_review\remediation_g1\dataset\calib\labels\20260320_sjt_fs_2053.txt
C:\Users\CoirRaincoat\PyCharmMiscProject\AIcontest\AI\audit\competition_review\remediation_g1\dataset\calib\images\20260320_sjt_fs_2059.jpg,20260320_sjt_fs_2059.jpg,1,calib,C:\Users\CoirRaincoat\PyCharmMiscProject\AIcontest\AI\audit\competition_review\remediation_g1\dataset\calib\labels\20260320_sjt_fs_2059.txt
C:\Users\CoirRaincoat\PyCharmMiscProject\AIcontest\AI\audit\competition_review\remediation_g1\dataset\calib\images\20260320_sjt_fs_2060.jpg,20260320_sjt_fs_2060.jpg,1,calib,C:\Users\CoirRaincoat\PyCharmMiscProject\AIcontest\AI\audit\competition_review\remediation_g1\dataset\calib\labels\20260320_sjt_fs_2060.txt
C:\Users\CoirRaincoat\PyCharmMiscProject\AIcontest\AI\audit\competition_review\remediation_g1\dataset\calib\images\20260320_sjt_fs_2061.jpg,20260320_sjt_fs_2061.jpg,1,calib,C:\Users\CoirRaincoat\PyCharmMiscProject\AIcontest\AI\audit\competition_review\remediation_g1\dataset\calib\labels\20260320_sjt_fs_2061.txt
C:\Users\CoirRaincoat\PyCharmMiscProject\AIcontest\AI\audit\competition_review\remediation_g1\dataset\calib\images\20260320_sjt_fs_2070.jpg,20260320_sjt_fs_2070.jpg,1,calib,C:\Users\CoirRaincoat\PyCharmMiscProject\AIcontest\AI\audit\competition_review\remediation_g1\dataset\calib\labels\20260320_sjt_fs_2070.txt
C:\Users\CoirRaincoat\PyCharmMiscProject\AIcontest\AI\audit\competition_review\remediation_g1\dataset\calib\images\20260320_sjt_fs_2071.jpg,20260320_sjt_fs_2071.jpg,1,calib,C:\Users\CoirRaincoat\PyCharmMiscProject\AIcontest\AI\audit\competition_review\remediation_g1\dataset\calib\labels\20260320_sjt_fs_2071.txt
C:\Users\CoirRaincoat\PyCharmMiscProject\AIcontest\AI\audit\competition_review\remediation_g1\dataset\calib\images\20260320_sjt_fs_2077.jpg,20260320_sjt_fs_2077.jpg,1,calib,C:\Users\CoirRaincoat\PyCharmMiscProject\AIcontest\AI\audit\competition_review\remediation_g1\dataset\calib\labels\20260320_sjt_fs_2077.txt
C:\Users\CoirRaincoat\PyCharmMiscProject\AIcontest\AI\audit\competition_review\remediation_g1\dataset\calib\images\20260320_sjt_fs_2078.jpg,20260320_sjt_fs_2078.jpg,1,calib,C:\Users\CoirRaincoat\PyCharmMiscProject\AIcontest\AI\audit\competition_review\remediation_g1\dataset\calib\labels\20260320_sjt_fs_2078.txt
C:\Users\CoirRaincoat\PyCharmMiscProject\AIcontest\AI\audit\competition_review\remediation_g1\dataset\calib\images\20260320_sjt_fs_2079.jpg,20260320_sjt_fs_2079.jpg,1,calib,C:\Users\CoirRaincoat\PyCharmMiscProject\AIcontest\AI\audit\competition_review\remediation_g1\dataset\calib\labels\20260320_sjt_fs_2079.txt
C:\Users\CoirRaincoat\PyCharmMiscProject\AIcontest\AI\audit\competition_review\remediation_g1\dataset\calib\images\20260320_sjt_fs_2080.jpg,20260320_sjt_fs_2080.jpg,1,calib,C:\Users\CoirRaincoat\PyCharmMiscProject\AIcontest\AI\audit\competition_review\remediation_g1\dataset\calib\labels\20260320_sjt_fs_2080.txt
C:\Users\CoirRaincoat\PyCharmMiscProject\AIcontest\AI\audit\competition_review\remediation_g1\dataset\calib\images\20260320_sjt_fs_2089.jpg,20260320_sjt_fs_2089.jpg,1,calib,C:\Users\CoirRaincoat\PyCharmMiscProject\AIcontest\AI\audit\competition_review\remediation_g1\dataset\calib\labels\20260320_sjt_fs_2089.txt
C:\Users\CoirRaincoat\PyCharmMiscProject\AIcontest\AI\audit\competition_review\remediation_g1\dataset\calib\images\20260320_sjt_fs_2095.jpg,20260320_sjt_fs_2095.jpg,1,calib,C:\Users\CoirRaincoat\PyCharmMiscProject\AIcontest\AI\audit\competition_review\remediation_g1\dataset\calib\labels\20260320_sjt_fs_2095.txt
C:\Users\CoirRaincoat\PyCharmMiscProject\AIcontest\AI\audit\competition_review\remediation_g1\dataset\calib\images\20260320_sjt_fs_2096.jpg,20260320_sjt_fs_2096.jpg,1,calib,C:\Users\CoirRaincoat\PyCharmMiscProject\AIcontest\AI\audit\competition_review\remediation_g1\dataset\calib\labels\20260320_sjt_fs_2096.txt
C:\Users\CoirRaincoat\PyCharmMiscProject\AIcontest\AI\audit\competition_review\remediation_g1\dataset\calib\images\20260320_sjt_fs_2098.jpg,20260320_sjt_fs_2098.jpg,0,calib,C:\Users\CoirRaincoat\PyCharmMiscProject\AIcontest\AI\audit\competition_review\remediation_g1\dataset\calib\labels\20260320_sjt_fs_2098.txt
C:\Users\CoirRaincoat\PyCharmMiscProject\AIcontest\AI\audit\competition_review\remediation_g1\dataset\calib\images\20260320_sjt_fs_2102.jpg,20260320_sjt_fs_2102.jpg,1,calib,C:\Users\CoirRaincoat\PyCharmMiscProject\AIcontest\AI\audit\competition_review\remediation_g1\dataset\calib\labels\20260320_sjt_fs_2102.txt
C:\Users\CoirRaincoat\PyCharmMiscProject\AIcontest\AI\audit\competition_review\remediation_g1\dataset\calib\images\20260320_sjt_fs_2108.jpg,20260320_sjt_fs_2108.jpg,1,calib,C:\Users\CoirRaincoat\PyCharmMiscProject\AIcontest\AI\audit\competition_review\remediation_g1\dataset\calib\labels\20260320_sjt_fs_2108.txt
C:\Users\CoirRaincoat\PyCharmMiscProject\AIcontest\AI\audit\competition_review\remediation_g1\dataset\calib\images\20260320_sjt_fs_2109.jpg,20260320_sjt_fs_2109.jpg,1,calib,C:\Users\CoirRaincoat\PyCharmMiscProject\AIcontest\AI\audit\competition_review\remediation_g1\dataset\calib\labels\20260320_sjt_fs_2109.txt
C:\Users\CoirRaincoat\PyCharmMiscProject\AIcontest\AI\audit\competition_review\remediation_g1\dataset\calib\images\20260320_sjt_fs_2110.jpg,20260320_sjt_fs_2110.jpg,1,calib,C:\Users\CoirRaincoat\PyCharmMiscProject\AIcontest\AI\audit\competition_review\remediation_g1\dataset\calib\labels\20260320_sjt_fs_2110.txt
C:\Users\CoirRaincoat\PyCharmMiscProject\AIcontest\AI\audit\competition_review\remediation_g1\dataset\calib\images\20260320_sjt_fs_2111.jpg,20260320_sjt_fs_2111.jpg,1,calib,C:\Users\CoirRaincoat\PyCharmMiscProject\AIcontest\AI\audit\competition_review\remediation_g1\dataset\calib\labels\20260320_sjt_fs_2111.txt
C:\Users\CoirRaincoat\PyCharmMiscProject\AIcontest\AI\audit\competition_review\remediation_g1\dataset\calib\images\raw_fire_relabel_dp_20629.jpg,raw_fire_relabel_dp_20629.jpg,1,calib,C:\Users\CoirRaincoat\PyCharmMiscProject\AIcontest\AI\audit\competition_review\remediation_g1\dataset\calib\labels\raw_fire_relabel_dp_20629.txt
