image_name,image_path,label,score,prediction_best
0ceaac62c19eb77b75d3d34475d3615e_07500.jpg,C:\AI\fire_detection\data\val\images\0ceaac62c19eb77b75d3d34475d3615e_07500.jpg,0,0.01421350,1
0ceaac62c19eb77b75d3d34475d3615e_07580.jpg,C:\AI\fire_detection\data\val\images\0ceaac62c19eb77b75d3d34475d3615e_07580.jpg,0,0.01907287,1
0ceaac62c19eb77b75d3d34475d3615e_07695.jpg,C:\AI\fire_detection\data\val\images\0ceaac62c19eb77b75d3d34475d3615e_07695.jpg,0,0.01475495,1
20250526_firesmoke_00023.jpg,C:\AI\fire_detection\data\val\images\20250526_firesmoke_00023.jpg,1,0.30401948,1
20250526_firesmoke_00062.jpg,C:\AI\fire_detection\data\val\images\20250526_firesmoke_00062.jpg,0,0.00290223,0
20250526_firesmoke_00107.jpg,C:\AI\fire_detection\data\val\images\20250526_firesmoke_00107.jpg,0,0.02755958,1
20250526_firesmoke_00185.jpg,C:\AI\fire_detection\data\val\images\20250526_firesmoke_00185.jpg,1,0.00217011,0
20250526_firesmoke_00192.jpg,C:\AI\fire_detection\data\val\images\20250526_firesmoke_00192.jpg,0,0.02780289,1
20250526_firesmoke_00336.jpg,C:\AI\fire_detection\data\val\images\20250526_firesmoke_00336.jpg,0,0.01039346,1
20250526_firesmoke_00389.jpg,C:\AI\fire_detection\data\val\images\20250526_firesmoke_00389.jpg,0,0.00391378,1
20250526_firesmoke_00640.jpg,C:\AI\fire_detection\data\val\images\20250526_firesmoke_00640.jpg,1,0.81754011,1
20250526_firesmoke_00805.jpg,C:\AI\fire_detection\data\val\images\20250526_firesmoke_00805.jpg,1,0.60202295,1
20250526_firesmoke_00845.jpg,C:\AI\fire_detection\data\val\images\20250526_firesmoke_00845.jpg,1,0.01019177,1
20250526_firesmoke_00953.jpg,C:\AI\fire_detection\data\val\images\20250526_firesmoke_00953.jpg,0,0.00836905,1
20250526_firesmoke_01190.jpg,C:\AI\fire_detection\data\val\images\20250526_firesmoke_01190.jpg,1,0.42839149,1
20250526_firesmoke_02829.jpg,C:\AI\fire_detection\data\val\images\20250526_firesmoke_02829.jpg,0,0.00951988,1
20260116_fs_sjt_00002.jpg,C:\AI\fire_detection\data\val\images\20260116_fs_sjt_00002.jpg,1,0.01497399,1
20260116_fs_sjt_00008.jpg,C:\AI\fire_detection\data\val\images\20260116_fs_sjt_00008.jpg,1,0.18079634,1
20260116_fs_sjt_00012.jpg,C:\AI\fire_detection\data\val\images\20260116_fs_sjt_00012.jpg,1,0.00343314,1
20260116_fs_sjt_00020.jpg,C:\AI\fire_detection\data\val\images\20260116_fs_sjt_00020.jpg,1,0.09368441,1
20260116_fs_sjt_00025.jpg,C:\AI\fire_detection\data\val\images\20260116_fs_sjt_00025.jpg,1,0.09237684,1
20260116_fs_sjt_00033.jpg,C:\AI\fire_detection\data\val\images\20260116_fs_sjt_00033.jpg,1,0.09441804,1
20260116_fs_sjt_00086.jpg,C:\AI\fire_detection\data\val\images\20260116_fs_sjt_00086.jpg,1,0.14833476,1
20260116_fs_sjt_00089.jpg,C:\AI\fire_detection\data\val\images\20260116_fs_sjt_00089.jpg,1,0.01427318,1
20260116_fs_sjt_00091.jpg,C:\AI\fire_detection\data\val\images\20260116_fs_sjt_00091.jpg,1,0.28226256,1
20260116_fs_sjt_00097.jpg,C:\AI\fire_detection\data\val\images\20260116_fs_sjt_00097.jpg,1,0.00246959,0
20260116_fs_sjt_00098.jpg,C:\AI\fire_detection\data\val\images\20260116_fs_sjt_00098.jpg,0,0.00182238,0
20260116_fs_sjt_00104.jpg,C:\AI\fire_detection\data\val\images\20260116_fs_sjt_00104.jpg,0,0.00583941,1
20260116_fs_sjt_00105.jpg,C:\AI\fire_detection\data\val\images\20260116_fs_sjt_00105.jpg,0,0.00288979,0
20260116_fs_sjt_00112.jpg,C:\AI\fire_detection\data\val\images\20260116_fs_sjt_00112.jpg,1,0.00385920,1
20260116_fs_sjt_00120.jpg,C:\AI\fire_detection\data\val\images\20260116_fs_sjt_00120.jpg,1,0.05376776,1
20260116_fs_sjt_00121.jpg,C:\AI\fire_detection\data\val\images\20260116_fs_sjt_00121.jpg,0,0.06107434,1
20260116_fs_sjt_00126.jpg,C:\AI\fire_detection\data\val\images\20260116_fs_sjt_00126.jpg,1,0.12185159,1
20260116_fs_sjt_00134.jpg,C:\AI\fire_detection\data\val\images\20260116_fs_sjt_00134.jpg,0,0.00201555,0
20260116_fs_sjt_00139.jpg,C:\AI\fire_detection\data\val\images\20260116_fs_sjt_00139.jpg,1,0.03839039,1
20260116_fs_sjt_00149.jpg,C:\AI\fire_detection\data\val\images\20260116_fs_sjt_00149.jpg,0,0.00664187,1
20260116_fs_sjt_00155.jpg,C:\AI\fire_detection\data\val\images\20260116_fs_sjt_00155.jpg,1,0.00587450,1
20260116_fs_sjt_00156.jpg,C:\AI\fire_detection\data\val\images\20260116_fs_sjt_00156.jpg,1,0.15184915,1
20260116_fs_sjt_00157.jpg,C:\AI\fire_detection\data\val\images\20260116_fs_sjt_00157.jpg,1,0.27362388,1
20260116_fs_sjt_00167.jpg,C:\AI\fire_detection\data\val\images\20260116_fs_sjt_00167.jpg,1,0.14986399,1
20260116_fs_sjt_00204.jpg,C:\AI\fire_detection\data\val\images\20260116_fs_sjt_00204.jpg,0,0.00253255,0
20260116_fs_sjt_00213.jpg,C:\AI\fire_detection\data\val\images\20260116_fs_sjt_00213.jpg,1,0.13676459,1
20260116_fs_sjt_00219.jpg,C:\AI\fire_detection\data\val\images\20260116_fs_sjt_00219.jpg,0,0.01735926,1
20260116_fs_sjt_00241.jpg,C:\AI\fire_detection\data\val\images\20260116_fs_sjt_00241.jpg,1,0.15588410,1
20260116_fs_sjt_00256.jpg,C:\AI\fire_detection\data\val\images\20260116_fs_sjt_00256.jpg,1,0.00408348,1
20260116_fs_sjt_00267.jpg,C:\AI\fire_detection\data\val\images\20260116_fs_sjt_00267.jpg,1,0.15118501,1
20260116_fs_sjt_00304.jpg,C:\AI\fire_detection\data\val\images\20260116_fs_sjt_00304.jpg,0,0.00697064,1
20260116_fs_sjt_00309.jpg,C:\AI\fire_detection\data\val\images\20260116_fs_sjt_00309.jpg,1,0.00960959,1
20260116_fs_sjt_00321.jpg,C:\AI\fire_detection\data\val\images\20260116_fs_sjt_00321.jpg,0,0.00298946,0
20260116_fs_sjt_00322.jpg,C:\AI\fire_detection\data\val\images\20260116_fs_sjt_00322.jpg,1,0.00343535,1
20260116_fs_sjt_00359.jpg,C:\AI\fire_detection\data\val\images\20260116_fs_sjt_00359.jpg,1,0.71212268,1
20260116_fs_sjt_00366.jpg,C:\AI\fire_detection\data\val\images\20260116_fs_sjt_00366.jpg,1,0.02791951,1
20260116_fs_sjt_00371.jpg,C:\AI\fire_detection\data\val\images\20260116_fs_sjt_00371.jpg,0,0.00443946,1
20260116_fs_sjt_00372.jpg,C:\AI\fire_detection\data\val\images\20260116_fs_sjt_00372.jpg,0,0.04121912,1
20260116_fs_sjt_00392.jpg,C:\AI\fire_detection\data\val\images\20260116_fs_sjt_00392.jpg,0,0.00656002,1
20260116_fs_sjt_00412.jpg,C:\AI\fire_detection\data\val\images\20260116_fs_sjt_00412.jpg,0,0.08473717,1
20260116_fs_sjt_00418.jpg,C:\AI\fire_detection\data\val\images\20260116_fs_sjt_00418.jpg,1,0.00155715,0
20260116_fs_sjt_00429.jpg,C:\AI\fire_detection\data\val\images\20260116_fs_sjt_00429.jpg,1,0.30474854,1
20260116_fs_sjt_00437.jpg,C:\AI\fire_detection\data\val\images\20260116_fs_sjt_00437.jpg,1,0.13394347,1
20260116_fs_sjt_00439.jpg,C:\AI\fire_detection\data\val\images\20260116_fs_sjt_00439.jpg,1,0.16093393,1
20260116_fs_sjt_00440.jpg,C:\AI\fire_detection\data\val\images\20260116_fs_sjt_00440.jpg,0,0.05696394,1
20260116_fs_sjt_00454.jpg,C:\AI\fire_detection\data\val\images\20260116_fs_sjt_00454.jpg,1,0.00364406,1
20260116_fs_sjt_00459.jpg,C:\AI\fire_detection\data\val\images\20260116_fs_sjt_00459.jpg,1,0.01411358,1
20260116_fs_sjt_00466.jpg,C:\AI\fire_detection\data\val\images\20260116_fs_sjt_00466.jpg,1,0.00838336,1
20260116_fs_sjt_00467.jpg,C:\AI\fire_detection\data\val\images\20260116_fs_sjt_00467.jpg,1,0.00599128,1
20260116_fs_sjt_00492.jpg,C:\AI\fire_detection\data\val\images\20260116_fs_sjt_00492.jpg,1,0.00067006,0
20260116_fs_sjt_00504.jpg,C:\AI\fire_detection\data\val\images\20260116_fs_sjt_00504.jpg,0,0.00107264,0
20260116_fs_sjt_00513.jpg,C:\AI\fire_detection\data\val\images\20260116_fs_sjt_00513.jpg,0,0.00773667,1
20260116_fs_sjt_00514.jpg,C:\AI\fire_detection\data\val\images\20260116_fs_sjt_00514.jpg,1,0.00155983,0
20260116_fs_sjt_00522.jpg,C:\AI\fire_detection\data\val\images\20260116_fs_sjt_00522.jpg,1,0.00233450,0
20260116_fs_sjt_00523.jpg,C:\AI\fire_detection\data\val\images\20260116_fs_sjt_00523.jpg,1,0.00723936,1
20260116_fs_sjt_00532.jpg,C:\AI\fire_detection\data\val\images\20260116_fs_sjt_00532.jpg,1,0.01568206,1
20260116_fs_sjt_00540.jpg,C:\AI\fire_detection\data\val\images\20260116_fs_sjt_00540.jpg,0,0.00256717,0
20260116_fs_sjt_00541.jpg,C:\AI\fire_detection\data\val\images\20260116_fs_sjt_00541.jpg,0,0.00139100,0
20260116_fs_sjt_00550.jpg,C:\AI\fire_detection\data\val\images\20260116_fs_sjt_00550.jpg,1,0.02159283,1
20260116_fs_sjt_00561.jpg,C:\AI\fire_detection\data\val\images\20260116_fs_sjt_00561.jpg,0,0.00156024,0
20260116_fs_sjt_00597.jpg,C:\AI\fire_detection\data\val\images\20260116_fs_sjt_00597.jpg,1,0.03124003,1
20260116_fs_sjt_00604.jpg,C:\AI\fire_detection\data\val\images\20260116_fs_sjt_00604.jpg,1,0.01118328,1
20260116_fs_sjt_00622.jpg,C:\AI\fire_detection\data\val\images\20260116_fs_sjt_00622.jpg,0,0.00725640,1
20260116_fs_sjt_00640.jpg,C:\AI\fire_detection\data\val\images\20260116_fs_sjt_00640.jpg,1,0.00596602,1
20260116_fs_sjt_00649.jpg,C:\AI\fire_detection\data\val\images\20260116_fs_sjt_00649.jpg,1,0.00666463,1
20260116_fs_sjt_00658.jpg,C:\AI\fire_detection\data\val\images\20260116_fs_sjt_00658.jpg,1,0.39113927,1
20260116_fs_sjt_00686.jpg,C:\AI\fire_detection\data\val\images\20260116_fs_sjt_00686.jpg,1,0.62351972,1
20260116_fs_sjt_00696.jpg,C:\AI\fire_detection\data\val\images\20260116_fs_sjt_00696.jpg,1,0.20672195,1
20260116_fs_sjt_00729.jpg,C:\AI\fire_detection\data\val\images\20260116_fs_sjt_00729.jpg,0,0.00446809,1
20260116_fs_sjt_00731.jpg,C:\AI\fire_detection\data\val\images\20260116_fs_sjt_00731.jpg,1,0.08527288,1
20260116_fs_sjt_00738.jpg,C:\AI\fire_detection\data\val\images\20260116_fs_sjt_00738.jpg,1,0.00378179,1
20260116_fs_sjt_00767.jpg,C:\AI\fire_detection\data\val\images\20260116_fs_sjt_00767.jpg,0,0.00227902,0
20260116_fs_sjt_00776.jpg,C:\AI\fire_detection\data\val\images\20260116_fs_sjt_00776.jpg,1,0.01106490,1
20260116_fs_sjt_00822.jpg,C:\AI\fire_detection\data\val\images\20260116_fs_sjt_00822.jpg,1,0.00196722,0
20260116_fs_sjt_00830.jpg,C:\AI\fire_detection\data\val\images\20260116_fs_sjt_00830.jpg,1,0.02508981,1
20260116_fs_sjt_00847.jpg,C:\AI\fire_detection\data\val\images\20260116_fs_sjt_00847.jpg,0,0.00275770,0
20260116_fs_sjt_00858.jpg,C:\AI\fire_detection\data\val\images\20260116_fs_sjt_00858.jpg,1,0.31654698,1
20260116_fs_sjt_00865.jpg,C:\AI\fire_detection\data\val\images\20260116_fs_sjt_00865.jpg,0,0.01259778,1
20260116_fs_sjt_00883.jpg,C:\AI\fire_detection\data\val\images\20260116_fs_sjt_00883.jpg,1,0.00257282,0
20260116_fs_sjt_00892.jpg,C:\AI\fire_detection\data\val\images\20260116_fs_sjt_00892.jpg,1,0.03613632,1
20260116_fs_sjt_00893.jpg,C:\AI\fire_detection\data\val\images\20260116_fs_sjt_00893.jpg,0,0.06620196,1
20260116_fs_sjt_00894.jpg,C:\AI\fire_detection\data\val\images\20260116_fs_sjt_00894.jpg,1,0.00998966,1
20260116_fs_sjt_00911.jpg,C:\AI\fire_detection\data\val\images\20260116_fs_sjt_00911.jpg,1,0.07669413,1
20260116_fs_sjt_00927.jpg,C:\AI\fire_detection\data\val\images\20260116_fs_sjt_00927.jpg,1,0.00669607,1
20260116_fs_sjt_00928.jpg,C:\AI\fire_detection\data\val\images\20260116_fs_sjt_00928.jpg,0,0.00381436,1
20260116_fs_sjt_00947.jpg,C:\AI\fire_detection\data\val\images\20260116_fs_sjt_00947.jpg,1,0.14067318,1
20260116_fs_sjt_00963.jpg,C:\AI\fire_detection\data\val\images\20260116_fs_sjt_00963.jpg,1,0.01155092,1
20260116_fs_sjt_00973.jpg,C:\AI\fire_detection\data\val\images\20260116_fs_sjt_00973.jpg,1,0.01690981,1
20260116_fs_sjt_00975.jpg,C:\AI\fire_detection\data\val\images\20260116_fs_sjt_00975.jpg,1,0.00699004,1
20260116_fs_sjt_01001.jpg,C:\AI\fire_detection\data\val\images\20260116_fs_sjt_01001.jpg,0,0.00121901,0
20260116_fs_sjt_01002.jpg,C:\AI\fire_detection\data\val\images\20260116_fs_sjt_01002.jpg,0,0.00376722,1
20260116_fs_sjt_01009.jpg,C:\AI\fire_detection\data\val\images\20260116_fs_sjt_01009.jpg,1,0.00478823,1
20260116_fs_sjt_01017.jpg,C:\AI\fire_detection\data\val\images\20260116_fs_sjt_01017.jpg,1,0.02308722,1
20260116_fs_sjt_01028.jpg,C:\AI\fire_detection\data\val\images\20260116_fs_sjt_01028.jpg,1,0.04442910,1
20260116_fs_sjt_01029.jpg,C:\AI\fire_detection\data\val\images\20260116_fs_sjt_01029.jpg,1,0.02685324,1
20260116_fs_sjt_01038.jpg,C:\AI\fire_detection\data\val\images\20260116_fs_sjt_01038.jpg,1,0.31505880,1
20260116_fs_sjt_01053.jpg,C:\AI\fire_detection\data\val\images\20260116_fs_sjt_01053.jpg,1,0.29142001,1
20260116_fs_sjt_01062.jpg,C:\AI\fire_detection\data\val\images\20260116_fs_sjt_01062.jpg,1,0.05738160,1
20260116_fs_sjt_01063.jpg,C:\AI\fire_detection\data\val\images\20260116_fs_sjt_01063.jpg,1,0.00509725,1
20260116_fs_sjt_01065.jpg,C:\AI\fire_detection\data\val\images\20260116_fs_sjt_01065.jpg,1,0.00699909,1
20260116_fs_sjt_01072.jpg,C:\AI\fire_detection\data\val\images\20260116_fs_sjt_01072.jpg,1,0.02345905,1
20260320_sjt_fs_1354.jpg,C:\AI\fire_detection\data\val\images\20260320_sjt_fs_1354.jpg,1,0.18439424,1
20260320_sjt_fs_1435.jpg,C:\AI\fire_detection\data\val\images\20260320_sjt_fs_1435.jpg,1,0.00384464,1
20260320_sjt_fs_1508.jpg,C:\AI\fire_detection\data\val\images\20260320_sjt_fs_1508.jpg,1,0.01723488,1
20260320_sjt_fs_1509.jpg,C:\AI\fire_detection\data\val\images\20260320_sjt_fs_1509.jpg,1,0.05368024,1
20260320_sjt_fs_1526.jpg,C:\AI\fire_detection\data\val\images\20260320_sjt_fs_1526.jpg,1,0.00870014,1
20260320_sjt_fs_1535.jpg,C:\AI\fire_detection\data\val\images\20260320_sjt_fs_1535.jpg,1,0.00624449,1
20260320_sjt_fs_1554.jpg,C:\AI\fire_detection\data\val\images\20260320_sjt_fs_1554.jpg,0,0.00771686,1
20260320_sjt_fs_1580.jpg,C:\AI\fire_detection\data\val\images\20260320_sjt_fs_1580.jpg,1,0.21329202,1
20260320_sjt_fs_1581.jpg,C:\AI\fire_detection\data\val\images\20260320_sjt_fs_1581.jpg,1,0.02690956,1
20260320_sjt_fs_1606.jpg,C:\AI\fire_detection\data\val\images\20260320_sjt_fs_1606.jpg,1,0.01273421,1
20260320_sjt_fs_1617.jpg,C:\AI\fire_detection\data\val\images\20260320_sjt_fs_1617.jpg,1,0.02125443,1
20260320_sjt_fs_1649.jpg,C:\AI\fire_detection\data\val\images\20260320_sjt_fs_1649.jpg,1,0.00949200,1
20260320_sjt_fs_1650.jpg,C:\AI\fire_detection\data\val\images\20260320_sjt_fs_1650.jpg,1,0.00443637,1
20260320_sjt_fs_1673.jpg,C:\AI\fire_detection\data\val\images\20260320_sjt_fs_1673.jpg,1,0.00785110,1
20260320_sjt_fs_1674.jpg,C:\AI\fire_detection\data\val\images\20260320_sjt_fs_1674.jpg,1,0.01234334,1
20260320_sjt_fs_1707.jpg,C:\AI\fire_detection\data\val\images\20260320_sjt_fs_1707.jpg,1,0.03444400,1
20260320_sjt_fs_1708.jpg,C:\AI\fire_detection\data\val\images\20260320_sjt_fs_1708.jpg,1,0.00962560,1
20260320_sjt_fs_1761.jpg,C:\AI\fire_detection\data\val\images\20260320_sjt_fs_1761.jpg,1,0.00517422,1
20260320_sjt_fs_1773.jpg,C:\AI\fire_detection\data\val\images\20260320_sjt_fs_1773.jpg,1,0.00530718,1
20260320_sjt_fs_1791.jpg,C:\AI\fire_detection\data\val\images\20260320_sjt_fs_1791.jpg,1,0.01253504,1
20260320_sjt_fs_1800.jpg,C:\AI\fire_detection\data\val\images\20260320_sjt_fs_1800.jpg,1,0.01008268,1
20260320_sjt_fs_1818.jpg,C:\AI\fire_detection\data\val\images\20260320_sjt_fs_1818.jpg,1,0.00915361,1
20260320_sjt_fs_1835.jpg,C:\AI\fire_detection\data\val\images\20260320_sjt_fs_1835.jpg,1,0.01491379,1
20260320_sjt_fs_1886.jpg,C:\AI\fire_detection\data\val\images\20260320_sjt_fs_1886.jpg,1,0.00271599,0
20260320_sjt_fs_1895.jpg,C:\AI\fire_detection\data\val\images\20260320_sjt_fs_1895.jpg,1,0.00485199,1
20260320_sjt_fs_1901.jpg,C:\AI\fire_detection\data\val\images\20260320_sjt_fs_1901.jpg,1,0.00346328,1
20260320_sjt_fs_1922.jpg,C:\AI\fire_detection\data\val\images\20260320_sjt_fs_1922.jpg,1,0.00387516,1
20260320_sjt_fs_1939.jpg,C:\AI\fire_detection\data\val\images\20260320_sjt_fs_1939.jpg,1,0.00985489,1
20260320_sjt_fs_1950.jpg,C:\AI\fire_detection\data\val\images\20260320_sjt_fs_1950.jpg,1,0.00526785,1
20260320_sjt_fs_1951.jpg,C:\AI\fire_detection\data\val\images\20260320_sjt_fs_1951.jpg,1,0.00546456,1
20260320_sjt_fs_1962.jpg,C:\AI\fire_detection\data\val\images\20260320_sjt_fs_1962.jpg,1,0.02242197,1
20260320_sjt_fs_1979.jpg,C:\AI\fire_detection\data\val\images\20260320_sjt_fs_1979.jpg,1,0.00839052,1
20260320_sjt_fs_1981.jpg,C:\AI\fire_detection\data\val\images\20260320_sjt_fs_1981.jpg,1,0.01474400,1
20260320_sjt_fs_2005.jpg,C:\AI\fire_detection\data\val\images\20260320_sjt_fs_2005.jpg,1,0.03053775,1
20260320_sjt_fs_2021.jpg,C:\AI\fire_detection\data\val\images\20260320_sjt_fs_2021.jpg,1,0.01786568,1
20260320_sjt_fs_2022.jpg,C:\AI\fire_detection\data\val\images\20260320_sjt_fs_2022.jpg,1,0.01530452,1
20260320_sjt_fs_2051.jpg,C:\AI\fire_detection\data\val\images\20260320_sjt_fs_2051.jpg,1,0.01049077,1
20260320_sjt_fs_2061.jpg,C:\AI\fire_detection\data\val\images\20260320_sjt_fs_2061.jpg,1,0.00824934,1
20260320_sjt_fs_2077.jpg,C:\AI\fire_detection\data\val\images\20260320_sjt_fs_2077.jpg,1,0.02697726,1
20260320_sjt_fs_2080.jpg,C:\AI\fire_detection\data\val\images\20260320_sjt_fs_2080.jpg,1,0.01380546,1
raw_fire_relabel_dp_20330.jpg,C:\AI\fire_detection\data\val\images\raw_fire_relabel_dp_20330.jpg,1,0.15140615,1
raw_fire_relabel_dp_20332.jpg,C:\AI\fire_detection\data\val\images\raw_fire_relabel_dp_20332.jpg,1,0.48579821,1
raw_fire_relabel_dp_20333.jpg,C:\AI\fire_detection\data\val\images\raw_fire_relabel_dp_20333.jpg,0,0.01978008,1
raw_fire_relabel_dp_20334.jpg,C:\AI\fire_detection\data\val\images\raw_fire_relabel_dp_20334.jpg,1,0.03384068,1
raw_fire_relabel_dp_20361.jpg,C:\AI\fire_detection\data\val\images\raw_fire_relabel_dp_20361.jpg,1,0.60392910,1
raw_fire_relabel_dp_20377.jpg,C:\AI\fire_detection\data\val\images\raw_fire_relabel_dp_20377.jpg,1,0.71493834,1
raw_fire_relabel_dp_20379.jpg,C:\AI\fire_detection\data\val\images\raw_fire_relabel_dp_20379.jpg,1,0.63596487,1
raw_fire_relabel_dp_20382.jpg,C:\AI\fire_detection\data\val\images\raw_fire_relabel_dp_20382.jpg,1,0.36563095,1
raw_fire_relabel_dp_20383.jpg,C:\AI\fire_detection\data\val\images\raw_fire_relabel_dp_20383.jpg,1,0.35531086,1
raw_fire_relabel_dp_20386.jpg,C:\AI\fire_detection\data\val\images\raw_fire_relabel_dp_20386.jpg,1,0.78641897,1
raw_fire_relabel_dp_20393.jpg,C:\AI\fire_detection\data\val\images\raw_fire_relabel_dp_20393.jpg,1,0.53748828,1
raw_fire_relabel_dp_20399.jpg,C:\AI\fire_detection\data\val\images\raw_fire_relabel_dp_20399.jpg,0,0.01345319,1
raw_fire_relabel_dp_20403.jpg,C:\AI\fire_detection\data\val\images\raw_fire_relabel_dp_20403.jpg,1,0.75464392,1
raw_fire_relabel_dp_20405.jpg,C:\AI\fire_detection\data\val\images\raw_fire_relabel_dp_20405.jpg,1,0.36085191,1
raw_fire_relabel_dp_20410.jpg,C:\AI\fire_detection\data\val\images\raw_fire_relabel_dp_20410.jpg,1,0.37083852,1
raw_fire_relabel_dp_20412.jpg,C:\AI\fire_detection\data\val\images\raw_fire_relabel_dp_20412.jpg,0,0.06991427,1
raw_fire_relabel_dp_20431.jpg,C:\AI\fire_detection\data\val\images\raw_fire_relabel_dp_20431.jpg,0,0.02426106,1
raw_fire_relabel_dp_20436.jpg,C:\AI\fire_detection\data\val\images\raw_fire_relabel_dp_20436.jpg,0,0.05438431,1
raw_fire_relabel_dp_20444.jpg,C:\AI\fire_detection\data\val\images\raw_fire_relabel_dp_20444.jpg,0,0.01919203,1
raw_fire_relabel_dp_20453.jpg,C:\AI\fire_detection\data\val\images\raw_fire_relabel_dp_20453.jpg,1,0.19282538,1
raw_fire_relabel_dp_20456.jpg,C:\AI\fire_detection\data\val\images\raw_fire_relabel_dp_20456.jpg,1,0.09331960,1
raw_fire_relabel_dp_20467.jpg,C:\AI\fire_detection\data\val\images\raw_fire_relabel_dp_20467.jpg,0,0.02021665,1
raw_fire_relabel_dp_20479.jpg,C:\AI\fire_detection\data\val\images\raw_fire_relabel_dp_20479.jpg,0,0.01044673,1
raw_fire_relabel_dp_20483.jpg,C:\AI\fire_detection\data\val\images\raw_fire_relabel_dp_20483.jpg,1,0.98931026,1
raw_fire_relabel_dp_20486.jpg,C:\AI\fire_detection\data\val\images\raw_fire_relabel_dp_20486.jpg,1,0.84045625,1
raw_fire_relabel_dp_20488.png,C:\AI\fire_detection\data\val\images\raw_fire_relabel_dp_20488.png,1,0.44342080,1
raw_fire_relabel_dp_20491.jpg,C:\AI\fire_detection\data\val\images\raw_fire_relabel_dp_20491.jpg,1,0.67179346,1
raw_fire_relabel_dp_20498.jpg,C:\AI\fire_detection\data\val\images\raw_fire_relabel_dp_20498.jpg,1,0.70105720,1
raw_fire_relabel_dp_20501.jpg,C:\AI\fire_detection\data\val\images\raw_fire_relabel_dp_20501.jpg,1,0.47290668,1
raw_fire_relabel_dp_20507.jpg,C:\AI\fire_detection\data\val\images\raw_fire_relabel_dp_20507.jpg,1,0.91744047,1
raw_fire_relabel_dp_20521.jpg,C:\AI\fire_detection\data\val\images\raw_fire_relabel_dp_20521.jpg,1,0.83860052,1
raw_fire_relabel_dp_20523.jpg,C:\AI\fire_detection\data\val\images\raw_fire_relabel_dp_20523.jpg,1,0.24424186,1
raw_fire_relabel_dp_20541.jpg,C:\AI\fire_detection\data\val\images\raw_fire_relabel_dp_20541.jpg,1,0.35176903,1
raw_fire_relabel_dp_20557.jpg,C:\AI\fire_detection\data\val\images\raw_fire_relabel_dp_20557.jpg,0,0.33010775,1
raw_fire_relabel_dp_20563.jpg,C:\AI\fire_detection\data\val\images\raw_fire_relabel_dp_20563.jpg,1,0.09793516,1
raw_fire_relabel_dp_20564.jpg,C:\AI\fire_detection\data\val\images\raw_fire_relabel_dp_20564.jpg,1,0.03542354,1
raw_fire_relabel_dp_20594.jpg,C:\AI\fire_detection\data\val\images\raw_fire_relabel_dp_20594.jpg,1,0.04034350,1
raw_fire_relabel_dp_20595.jpg,C:\AI\fire_detection\data\val\images\raw_fire_relabel_dp_20595.jpg,1,0.58148724,1
raw_fire_relabel_dp_20596.jpg,C:\AI\fire_detection\data\val\images\raw_fire_relabel_dp_20596.jpg,1,0.75671035,1
raw_fire_relabel_dp_20598.jpg,C:\AI\fire_detection\data\val\images\raw_fire_relabel_dp_20598.jpg,0,0.14213651,1
raw_fire_relabel_dp_20604.jpg,C:\AI\fire_detection\data\val\images\raw_fire_relabel_dp_20604.jpg,1,0.57560945,1
raw_fire_relabel_dp_20605.jpg,C:\AI\fire_detection\data\val\images\raw_fire_relabel_dp_20605.jpg,1,0.76778668,1
raw_fire_relabel_dp_20611.jpg,C:\AI\fire_detection\data\val\images\raw_fire_relabel_dp_20611.jpg,1,0.00674780,1
raw_fire_relabel_dp_20619.jpg,C:\AI\fire_detection\data\val\images\raw_fire_relabel_dp_20619.jpg,1,0.32178509,1
raw_fire_relabel_dp_20622.jpg,C:\AI\fire_detection\data\val\images\raw_fire_relabel_dp_20622.jpg,0,0.03293766,1
raw_fire_relabel_dp_20625.jpg,C:\AI\fire_detection\data\val\images\raw_fire_relabel_dp_20625.jpg,1,0.00734688,1
raw_fire_relabel_dp_20631.jpg,C:\AI\fire_detection\data\val\images\raw_fire_relabel_dp_20631.jpg,1,0.61560565,1
raw_fire_relabel_dp_20633.jpg,C:\AI\fire_detection\data\val\images\raw_fire_relabel_dp_20633.jpg,1,0.07823221,1
raw_fire_relabel_dp_20645.jpg,C:\AI\fire_detection\data\val\images\raw_fire_relabel_dp_20645.jpg,1,0.03813694,1
raw_fire_relabel_dp_20647.jpg,C:\AI\fire_detection\data\val\images\raw_fire_relabel_dp_20647.jpg,1,0.42050478,1
raw_fire_relabel_dp_20651.jpg,C:\AI\fire_detection\data\val\images\raw_fire_relabel_dp_20651.jpg,1,0.26181039,1
raw_fire_relabel_dp_20655.jpg,C:\AI\fire_detection\data\val\images\raw_fire_relabel_dp_20655.jpg,1,0.73902059,1
raw_fire_relabel_dp_20656.jpg,C:\AI\fire_detection\data\val\images\raw_fire_relabel_dp_20656.jpg,1,0.77341747,1
raw_fire_relabel_dp_20661.jpg,C:\AI\fire_detection\data\val\images\raw_fire_relabel_dp_20661.jpg,0,0.03730877,1
raw_fire_relabel_dp_20662.jpg,C:\AI\fire_detection\data\val\images\raw_fire_relabel_dp_20662.jpg,0,0.45428255,1
raw_fire_relabel_dp_20664.jpg,C:\AI\fire_detection\data\val\images\raw_fire_relabel_dp_20664.jpg,0,0.00489531,1
raw_fire_relabel_dp_20666.jpg,C:\AI\fire_detection\data\val\images\raw_fire_relabel_dp_20666.jpg,1,0.90030164,1
raw_fire_relabel_dp_20670.jpg,C:\AI\fire_detection\data\val\images\raw_fire_relabel_dp_20670.jpg,1,0.68642557,1
raw_fire_relabel_dp_20673.jpg,C:\AI\fire_detection\data\val\images\raw_fire_relabel_dp_20673.jpg,1,0.32553101,1
raw_fire_relabel_dp_20675.jpg,C:\AI\fire_detection\data\val\images\raw_fire_relabel_dp_20675.jpg,1,0.28156531,1
raw_fire_relabel_dp_20686.jpg,C:\AI\fire_detection\data\val\images\raw_fire_relabel_dp_20686.jpg,1,0.80434489,1
raw_fire_relabel_dp_20694.jpg,C:\AI\fire_detection\data\val\images\raw_fire_relabel_dp_20694.jpg,1,0.72095305,1
raw_fire_relabel_dp_20699.jpg,C:\AI\fire_detection\data\val\images\raw_fire_relabel_dp_20699.jpg,0,0.00794343,1
